CarID,Company,Model,Year,Body Style,Engine,Transmission,Color,Price in thousands
FordExpedition2015SUVDoubleÂ OverheadCamshaftAutoBlack26,Ford,Expedition,2015,SUV,DoubleÂ Overhead Camshaft,Auto,Black,26
DodgeDurango2015SUVDoubleÂ OverheadCamshaftAutoBlack19,Dodge,Durango,2015,SUV,DoubleÂ Overhead Camshaft,Auto,Black,19
CadillacEldorado2015PassengerOverheadCamshaftManualRed31,Cadillac,Eldorado,2015,Passenger,Overhead Camshaft,Manual,Red,31
ToyotaCelica2016SUVOverheadCamshaftManualPaleWhite14,Toyota,Celica,2016,SUV,Overhead Camshaft,Manual,Pale White,14
AcuraTL2015HatchbackDoubleÂ OverheadCamshaftAutoRed24,Acura,TL,2015,Hatchback,DoubleÂ Overhead Camshaft,Auto,Red,24
MitsubishiDiamante2016HatchbackOverheadCamshaftManualRed12,Mitsubishi,Diamante,2016,Hatchback,Overhead Camshaft,Manual,Red,12
ToyotaCorolla2016PassengerOverheadCamshaftManualRed14,Toyota,Corolla,2016,Passenger,Overhead Camshaft,Manual,Red,14
VolvoS402015SedanDoubleÂ OverheadCamshaftAutoPaleWhite42,Volvo,S40,2015,Sedan,DoubleÂ Overhead Camshaft,Auto,Pale White,42
MercuryMountaineer2016HardtopDoubleÂ OverheadCamshaftAutoPaleWhite21,Mercury,Mountaineer,2016,Hardtop,DoubleÂ Overhead Camshaft,Auto,Pale White,21
BuickParkAvenue2015HatchbackDoubleÂ OverheadCamshaftAutoBlack61,Buick,Park Avenue,2015,Hatchback,DoubleÂ Overhead Camshaft,Auto,Black,61
MitsubishiMonteroSport2015HardtopDoubleÂ OverheadCamshaftAutoRed39,Mitsubishi,Montero Sport,2015,Hardtop,DoubleÂ Overhead Camshaft,Auto,Red,39
SaturnSW2016PassengerDoubleÂ OverheadCamshaftAutoRed25,Saturn,SW,2016,Passenger,DoubleÂ Overhead Camshaft,Auto,Red,25
VolvoC702015HatchbackOverheadCamshaftManualBlack17,Volvo,C70,2015,Hatchback,Overhead Camshaft,Manual,Black,17
MercuryMountaineer2016HardtopOverheadCamshaftManualRed21,Mercury,Mountaineer,2016,Hardtop,Overhead Camshaft,Manual,Red,21
CadillacDeVille2015SUVDoubleÂ OverheadCamshaftAutoRed22,Cadillac,DeVille,2015,SUV,DoubleÂ Overhead Camshaft,Auto,Red,22
JaguarS-Type2015PassengerOverheadCamshaftManualRed45,Jaguar,S-Type,2015,Passenger,Overhead Camshaft,Manual,Red,45
MitsubishiEclipse2016HardtopOverheadCamshaftManualBlack25,Mitsubishi,Eclipse,2016,Hardtop,Overhead Camshaft,Manual,Black,25
FordContour2016SedanDoubleÂ OverheadCamshaftAutoPaleWhite62,Ford,Contour,2016,Sedan,DoubleÂ Overhead Camshaft,Auto,Pale White,62
VolkswagenJetta2015PassengerDoubleÂ OverheadCamshaftAutoBlack22,Volkswagen,Jetta,2015,Passenger,DoubleÂ Overhead Camshaft,Auto,Black,22
MitsubishiMonteroSport2015HardtopDoubleÂ OverheadCamshaftAutoBlack45,Mitsubishi,Montero Sport,2015,Hardtop,DoubleÂ Overhead Camshaft,Auto,Black,45
LexusES3002016HardtopDoubleÂ OverheadCamshaftAutoBlack16,Lexus,ES300,2016,Hardtop,DoubleÂ Overhead Camshaft,Auto,Black,16
BMW328i2016SedanDoubleÂ OverheadCamshaftAutoBlack16,BMW,328i,2016,Sedan,DoubleÂ Overhead Camshaft,Auto,Black,16
SubaruOutback2016SUVDoubleÂ OverheadCamshaftAutoRed57,Subaru,Outback,2016,SUV,DoubleÂ Overhead Camshaft,Auto,Red,57
BuickParkAvenue2015HatchbackDoubleÂ OverheadCamshaftAutoPaleWhite62,Buick,Park Avenue,2015,Hatchback,DoubleÂ Overhead Camshaft,Auto,Pale White,62
FordTaurus2016SUVOverheadCamshaftManualBlack69,Ford,Taurus,2016,SUV,Overhead Camshaft,Manual,Black,69
ChevroletCavalier2016SUVOverheadCamshaftManualRed20,Chevrolet,Cavalier,2016,SUV,Overhead Camshaft,Manual,Red,20
AcuraTL2016HatchbackDoubleÂ OverheadCamshaftAutoBlack28,Acura,TL,2016,Hatchback,DoubleÂ Overhead Camshaft,Auto,Black,28
MercuryGrandMarquis2016SUVOverheadCamshaftManualPaleWhite16,Mercury,Grand Marquis,2016,SUV,Overhead Camshaft,Manual,Pale White,16
LexusES3002016HardtopDoubleÂ OverheadCamshaftAutoPaleWhite27,Lexus,ES300,2016,Hardtop,DoubleÂ Overhead Camshaft,Auto,Pale White,27
DodgeIntrepid2015SedanOverheadCamshaftManualBlack11,Dodge,Intrepid,2015,Sedan,Overhead Camshaft,Manual,Black,11
NissanMaxima2016SedanOverheadCamshaftManualPaleWhite22,Nissan,Maxima,2016,Sedan,Overhead Camshaft,Manual,Pale White,22
DodgeAvenger2015PassengerDoubleÂ OverheadCamshaftAutoRed22,Dodge,Avenger,2015,Passenger,DoubleÂ Overhead Camshaft,Auto,Red,22
ChevroletCorvette2015SUVOverheadCamshaftManualPaleWhite22,Chevrolet,Corvette,2015,SUV,Overhead Camshaft,Manual,Pale White,22
PlymouthBreeze2015HardtopOverheadCamshaftManualPaleWhite16,Plymouth,Breeze,2015,Hardtop,Overhead Camshaft,Manual,Pale White,16
VolkswagenBeetle2016HardtopDoubleÂ OverheadCamshaftAutoRed45,Volkswagen,Beetle,2016,Hardtop,DoubleÂ Overhead Camshaft,Auto,Red,45
HyundaiElantra2015SedanOverheadCamshaftManualPaleWhite26,Hyundai,Elantra,2015,Sedan,Overhead Camshaft,Manual,Pale White,26
MitsubishiDiamante2016HatchbackOverheadCamshaftManualRed19,Mitsubishi,Diamante,2016,Hatchback,Overhead Camshaft,Manual,Red,19
LexusGS4002016HatchbackDoubleÂ OverheadCamshaftAutoPaleWhite31,Lexus,GS400,2016,Hatchback,DoubleÂ Overhead Camshaft,Auto,Pale White,31
PorscheCarreraCabrio2016PassengerDoubleÂ OverheadCamshaftAutoPaleWhite32,Porsche,Carrera Cabrio,2016,Passenger,DoubleÂ Overhead Camshaft,Auto,Pale White,32
DodgeRamVan2016HatchbackDoubleÂ OverheadCamshaftAutoRed31,Dodge,Ram Van,2016,Hatchback,DoubleÂ Overhead Camshaft,Auto,Red,31
MercurySable2015SedanOverheadCamshaftManualRed61,Mercury,Sable,2015,Sedan,Overhead Camshaft,Manual,Red,61
ToyotaLandCruiser2016SUVDoubleÂ OverheadCamshaftAutoBlack21,Toyota,Land Cruiser,2016,SUV,DoubleÂ Overhead Camshaft,Auto,Black,21
MercuryVillager2016PassengerOverheadCamshaftManualPaleWhite14,Mercury,Villager,2016,Passenger,Overhead Camshaft,Manual,Pale White,14
NissanFrontier2016HatchbackDoubleÂ OverheadCamshaftAutoPaleWhite18,Nissan,Frontier,2016,Hatchback,DoubleÂ Overhead Camshaft,Auto,Pale White,18
AcuraRL2015SUVOverheadCamshaftManualRed17,Acura,RL,2015,SUV,Overhead Camshaft,Manual,Red,17
MitsubishiMonteroSport2015HardtopOverheadCamshaftManualPaleWhite12,Mitsubishi,Montero Sport,2015,Hardtop,Overhead Camshaft,Manual,Pale White,12
BMW528i2016SUVOverheadCamshaftManualBlack21,BMW,528i,2016,SUV,Overhead Camshaft,Manual,Black,21
CadillacEscalade2016SedanDoubleÂ OverheadCamshaftAutoBlack28,Cadillac,Escalade,2016,Sedan,DoubleÂ Overhead Camshaft,Auto,Black,28
OldsmobileSilhouette2016SedanDoubleÂ OverheadCamshaftAutoBlack60,Oldsmobile,Silhouette,2016,Sedan,DoubleÂ Overhead Camshaft,Auto,Black,60
HyundaiSonata2015SUVOverheadCamshaftManualRed21,Hyundai,Sonata,2015,SUV,Overhead Camshaft,Manual,Red,21
ChevroletPrizm2015HardtopOverheadCamshaftManualRed21,Chevrolet,Prizm,2015,Hardtop,Overhead Camshaft,Manual,Red,21
MercuryGrandMarquis2016SUVDoubleÂ OverheadCamshaftAutoBlack9,Mercury,Grand Marquis,2016,SUV,DoubleÂ Overhead Camshaft,Auto,Black,9
NissanMaxima2016SedanOverheadCamshaftManualRed29,Nissan,Maxima,2016,Sedan,Overhead Camshaft,Manual,Red,29
VolvoS702015HardtopOverheadCamshaftManualBlack22,Volvo,S70,2015,Hardtop,Overhead Camshaft,Manual,Black,22
HondaAccord2015SedanOverheadCamshaftManualBlack43,Honda,Accord,2015,Sedan,Overhead Camshaft,Manual,Black,43
BMW328i2015SedanOverheadCamshaftManualRed21,BMW,328i,2015,Sedan,Overhead Camshaft,Manual,Red,21
PontiacBonneville2016HatchbackOverheadCamshaftManualRed11,Pontiac,Bonneville,2016,Hatchback,Overhead Camshaft,Manual,Red,11
FordFocus2016HardtopOverheadCamshaftManualRed24,Ford,Focus,2016,Hardtop,Overhead Camshaft,Manual,Red,24
PorscheBoxter2016SUVOverheadCamshaftManualRed24,Porsche,Boxter,2016,SUV,Overhead Camshaft,Manual,Red,24
OldsmobileIntrigue2016SUVOverheadCamshaftManualRed37,Oldsmobile,Intrigue,2016,SUV,Overhead Camshaft,Manual,Red,37
LincolnNavigator2016SedanOverheadCamshaftManualPaleWhite33,Lincoln,Navigator,2016,Sedan,Overhead Camshaft,Manual,Pale White,33
AcuraRL2015SUVOverheadCamshaftManualBlack18,Acura,RL,2015,SUV,Overhead Camshaft,Manual,Black,18
HondaAccord2015SedanDoubleÂ OverheadCamshaftAutoPaleWhite21,Honda,Accord,2015,Sedan,DoubleÂ Overhead Camshaft,Auto,Pale White,21
Mercedes-BM-Class2016HardtopOverheadCamshaftManualRed25,Mercedes-B,M-Class,2016,Hardtop,Overhead Camshaft,Manual,Red,25
NissanPathfinder2016HardtopDoubleÂ OverheadCamshaftAutoPaleWhite46,Nissan,Pathfinder,2016,Hardtop,DoubleÂ Overhead Camshaft,Auto,Pale White,46
ToyotaTacoma2016HardtopOverheadCamshaftManualBlack36,Toyota,Tacoma,2016,Hardtop,Overhead Camshaft,Manual,Black,36
InfinitiI302015HardtopOverheadCamshaftManualPaleWhite16,Infiniti,I30,2015,Hardtop,Overhead Camshaft,Manual,Pale White,16
FordWindstar2016SedanDoubleÂ OverheadCamshaftAutoRed31,Ford,Windstar,2016,Sedan,DoubleÂ Overhead Camshaft,Auto,Red,31
DodgeAvenger2015PassengerDoubleÂ OverheadCamshaftAutoBlack16,Dodge,Avenger,2015,Passenger,DoubleÂ Overhead Camshaft,Auto,Black,16
SaturnLS2016SedanOverheadCamshaftManualPaleWhite14,Saturn,LS,2016,Sedan,Overhead Camshaft,Manual,Pale White,14
DodgeDurango2015SUVDoubleÂ OverheadCamshaftAutoBlack24,Dodge,Durango,2015,SUV,DoubleÂ Overhead Camshaft,Auto,Black,24
DodgeRamPickup2016HardtopDoubleÂ OverheadCamshaftAutoRed39,Dodge,Ram Pickup,2016,Hardtop,DoubleÂ Overhead Camshaft,Auto,Red,39
AcuraTL2016HatchbackOverheadCamshaftManualPaleWhite14,Acura,TL,2016,Hatchback,Overhead Camshaft,Manual,Pale White,14
VolvoS702015HardtopDoubleÂ OverheadCamshaftAutoPaleWhite20,Volvo,S70,2015,Hardtop,DoubleÂ Overhead Camshaft,Auto,Pale White,20
AcuraIntegra2015PassengerDoubleÂ OverheadCamshaftAutoBlack45,Acura,Integra,2015,Passenger,DoubleÂ Overhead Camshaft,Auto,Black,45
FordMustang2016HatchbackOverheadCamshaftManualRed25,Ford,Mustang,2016,Hatchback,Overhead Camshaft,Manual,Red,25
MitsubishiMonteroSport2015HardtopOverheadCamshaftManualRed29,Mitsubishi,Montero Sport,2015,Hardtop,Overhead Camshaft,Manual,Red,29
Mercedes-BC-Class2016HatchbackDoubleÂ OverheadCamshaftAutoBlack14,Mercedes-B,C-Class,2016,Hatchback,DoubleÂ Overhead Camshaft,Auto,Black,14
CadillacEldorado2016PassengerDoubleÂ OverheadCamshaftAutoBlack60,Cadillac,Eldorado,2016,Passenger,DoubleÂ Overhead Camshaft,Auto,Black,60
PorscheBoxter2016SUVOverheadCamshaftManualPaleWhite14,Porsche,Boxter,2016,SUV,Overhead Camshaft,Manual,Pale White,14
PontiacGrandPrix2016PassengerDoubleÂ OverheadCamshaftAutoRed19,Pontiac,Grand Prix,2016,Passenger,DoubleÂ Overhead Camshaft,Auto,Red,19
MercuryVillager2016PassengerDoubleÂ OverheadCamshaftAutoBlack28,Mercury,Villager,2016,Passenger,DoubleÂ Overhead Camshaft,Auto,Black,28
MercuryCougar2015HatchbackOverheadCamshaftManualRed22,Mercury,Cougar,2015,Hatchback,Overhead Camshaft,Manual,Red,22
BMW323i2015HatchbackDoubleÂ OverheadCamshaftAutoRed22,BMW,323i,2015,Hatchback,DoubleÂ Overhead Camshaft,Auto,Red,22
JeepGrandCherokee2016SUVOverheadCamshaftManualRed21,Jeep,Grand Cherokee,2016,SUV,Overhead Camshaft,Manual,Red,21
Mercedes-BCL5002016SUVOverheadCamshaftManualBlack22,Mercedes-B,CL500,2016,SUV,Overhead Camshaft,Manual,Black,22
VolkswagenJetta2015PassengerDoubleÂ OverheadCamshaftAutoPaleWhite38,Volkswagen,Jetta,2015,Passenger,DoubleÂ Overhead Camshaft,Auto,Pale White,38
Chrysler300M2015SUVDoubleÂ OverheadCamshaftAutoBlack26,Chrysler,300M,2015,SUV,DoubleÂ Overhead Camshaft,Auto,Black,26
MercuryMystique2015PassengerDoubleÂ OverheadCamshaftAutoRed29,Mercury,Mystique,2015,Passenger,DoubleÂ Overhead Camshaft,Auto,Red,29
SubaruForester2016HardtopDoubleÂ OverheadCamshaftAutoBlack22,Subaru,Forester,2016,Hardtop,DoubleÂ Overhead Camshaft,Auto,Black,22
Saab440772016SedanDoubleÂ OverheadCamshaftAutoBlack23,Saab,3-Sep,2016,Sedan,DoubleÂ Overhead Camshaft,Auto,Black,23
SaturnSC2016HardtopOverheadCamshaftManualRed61,Saturn,SC,2016,Hardtop,Overhead Camshaft,Manual,Red,61
SaturnLW2016HatchbackOverheadCamshaftManualPaleWhite13,Saturn,LW,2016,Hatchback,Overhead Camshaft,Manual,Pale White,13
Mitsubishi3000GT2015SedanOverheadCamshaftManualRed24,Mitsubishi,3000GT,2015,Sedan,Overhead Camshaft,Manual,Red,24
ChevroletMonteCarlo2015HatchbackDoubleÂ OverheadCamshaftAutoRed21,Chevrolet,Monte Carlo,2015,Hatchback,DoubleÂ Overhead Camshaft,Auto,Red,21
DodgeDurango2016SUVOverheadCamshaftManualBlack22,Dodge,Durango,2016,SUV,Overhead Camshaft,Manual,Black,22
BMW528i2016SUVOverheadCamshaftManualRed29,BMW,528i,2016,SUV,Overhead Camshaft,Manual,Red,29
ChevroletCamaro2015SedanDoubleÂ OverheadCamshaftAutoBlack41,Chevrolet,Camaro,2015,Sedan,DoubleÂ Overhead Camshaft,Auto,Black,41
CadillacEscalade2016SedanDoubleÂ OverheadCamshaftAutoBlack26,Cadillac,Escalade,2016,Sedan,DoubleÂ Overhead Camshaft,Auto,Black,26
VolkswagenPassat2015HatchbackDoubleÂ OverheadCamshaftAutoBlack9,Volkswagen,Passat,2015,Hatchback,DoubleÂ Overhead Camshaft,Auto,Black,9
HyundaiSonata2015SUVOverheadCamshaftManualBlack20,Hyundai,Sonata,2015,SUV,Overhead Camshaft,Manual,Black,20
Mercedes-BSL-Class2016HardtopOverheadCamshaftManualRed17,Mercedes-B,SL-Class,2016,Hardtop,Overhead Camshaft,Manual,Red,17
LincolnContinental2016PassengerOverheadCamshaftManualBlack18,Lincoln,Continental,2016,Passenger,Overhead Camshaft,Manual,Black,18
FordFocus2016HardtopOverheadCamshaftManualRed17,Ford,Focus,2016,Hardtop,Overhead Camshaft,Manual,Red,17
PontiacBonneville2016HatchbackDoubleÂ OverheadCamshaftAutoPaleWhite20,Pontiac,Bonneville,2016,Hatchback,DoubleÂ Overhead Camshaft,Auto,Pale White,20
ToyotaCamry2016HatchbackDoubleÂ OverheadCamshaftAutoRed31,Toyota,Camry,2016,Hatchback,DoubleÂ Overhead Camshaft,Auto,Red,31
LexusLS4002016SedanDoubleÂ OverheadCamshaftAutoPaleWhite27,Lexus,LS400,2016,Sedan,DoubleÂ Overhead Camshaft,Auto,Pale White,27
ChevroletLumina2015PassengerOverheadCamshaftManualPaleWhite26,Chevrolet,Lumina,2015,Passenger,Overhead Camshaft,Manual,Pale White,26
Mercedes-BCLKCoupe2016SedanDoubleÂ OverheadCamshaftAutoPaleWhite22,Mercedes-B,CLK Coupe,2016,Sedan,DoubleÂ Overhead Camshaft,Auto,Pale White,22
OldsmobileSilhouette2016SedanOverheadCamshaftManualRed34,Oldsmobile,Silhouette,2016,Sedan,Overhead Camshaft,Manual,Red,34
FordExplorer2016HatchbackDoubleÂ OverheadCamshaftAutoRed41,Ford,Explorer,2016,Hatchback,DoubleÂ Overhead Camshaft,Auto,Red,41
FordWindstar2016SedanOverheadCamshaftManualPaleWhite17,Ford,Windstar,2016,Sedan,Overhead Camshaft,Manual,Pale White,17
PontiacGrandAm2015SUVDoubleÂ OverheadCamshaftAutoRed19,Pontiac,Grand Am,2015,SUV,DoubleÂ Overhead Camshaft,Auto,Red,19
ChryslerSebringCoupe2016SedanDoubleÂ OverheadCamshaftAutoPaleWhite46,Chrysler,Sebring Coupe,2016,Sedan,DoubleÂ Overhead Camshaft,Auto,Pale White,46
SaturnLS2016SedanDoubleÂ OverheadCamshaftAutoPaleWhite45,Saturn,LS,2016,Sedan,DoubleÂ Overhead Camshaft,Auto,Pale White,45
Mitsubishi3000GT2015SedanOverheadCamshaftManualRed20,Mitsubishi,3000GT,2015,Sedan,Overhead Camshaft,Manual,Red,20
ToyotaSienna2016PassengerOverheadCamshaftManualRed19,Toyota,Sienna,2016,Passenger,Overhead Camshaft,Manual,Red,19
LincolnNavigator2016SedanDoubleÂ OverheadCamshaftAutoBlack19,Lincoln,Navigator,2016,Sedan,DoubleÂ Overhead Camshaft,Auto,Black,19
NissanPathfinder2016HardtopDoubleÂ OverheadCamshaftAutoRed21,Nissan,Pathfinder,2016,Hardtop,DoubleÂ Overhead Camshaft,Auto,Red,21
MercuryVillager2016PassengerOverheadCamshaftManualPaleWhite16,Mercury,Villager,2016,Passenger,Overhead Camshaft,Manual,Pale White,16
ChryslerConcorde2016HardtopDoubleÂ OverheadCamshaftAutoBlack12,Chrysler,Concorde,2016,Hardtop,DoubleÂ Overhead Camshaft,Auto,Black,12
ChryslerSebringConv.2016SUVDoubleÂ OverheadCamshaftAutoBlack16,Chrysler,Sebring Conv.,2016,SUV,DoubleÂ Overhead Camshaft,Auto,Black,16
OldsmobileAurora2016PassengerDoubleÂ OverheadCamshaftAutoRed24,Oldsmobile,Aurora,2016,Passenger,DoubleÂ Overhead Camshaft,Auto,Red,24
ChryslerLHS2016HatchbackDoubleÂ OverheadCamshaftAutoRed16,Chrysler,LHS,2016,Hatchback,DoubleÂ Overhead Camshaft,Auto,Red,16
FordFocus2016HardtopOverheadCamshaftManualBlack49,Ford,Focus,2016,Hardtop,Overhead Camshaft,Manual,Black,49
LexusLX4702016SUVDoubleÂ OverheadCamshaftAutoBlack22,Lexus,LX470,2016,SUV,DoubleÂ Overhead Camshaft,Auto,Black,22
BMW528i2016SUVDoubleÂ OverheadCamshaftAutoBlack31,BMW,528i,2016,SUV,DoubleÂ Overhead Camshaft,Auto,Black,31
FordExplorer2016HatchbackDoubleÂ OverheadCamshaftAutoPaleWhite42,Ford,Explorer,2016,Hatchback,DoubleÂ Overhead Camshaft,Auto,Pale White,42
AudiA62016SUVOverheadCamshaftManualPaleWhite24,Audi,A6,2016,SUV,Overhead Camshaft,Manual,Pale White,24
ChryslerSebringCoupe2016SedanDoubleÂ OverheadCamshaftAutoRed22,Chrysler,Sebring Coupe,2016,Sedan,DoubleÂ Overhead Camshaft,Auto,Red,22
CadillacEldorado2015PassengerOverheadCamshaftManualRed37,Cadillac,Eldorado,2015,Passenger,Overhead Camshaft,Manual,Red,37
DodgeRamWagon2016PassengerDoubleÂ OverheadCamshaftAutoBlack22,Dodge,Ram Wagon,2016,Passenger,DoubleÂ Overhead Camshaft,Auto,Black,22
SaturnSC2016HardtopDoubleÂ OverheadCamshaftAutoBlack33,Saturn,SC,2016,Hardtop,DoubleÂ Overhead Camshaft,Auto,Black,33
VolvoC702015HatchbackDoubleÂ OverheadCamshaftAutoBlack49,Volvo,C70,2015,Hatchback,DoubleÂ Overhead Camshaft,Auto,Black,49
OldsmobileSilhouette2016SedanOverheadCamshaftManualRed25,Oldsmobile,Silhouette,2016,Sedan,Overhead Camshaft,Manual,Red,25
Mitsubishi3000GT2016SedanDoubleÂ OverheadCamshaftAutoBlack39,Mitsubishi,3000GT,2016,Sedan,DoubleÂ Overhead Camshaft,Auto,Black,39
ToyotaRAV42016HatchbackOverheadCamshaftManualBlack85,Toyota,RAV4,2016,Hatchback,Overhead Camshaft,Manual,Black,85
Mercedes-BSLK2016PassengerOverheadCamshaftManualBlack26,Mercedes-B,SLK,2016,Passenger,Overhead Camshaft,Manual,Black,26
NissanPathfinder2016HardtopOverheadCamshaftManualBlack22,Nissan,Pathfinder,2016,Hardtop,Overhead Camshaft,Manual,Black,22
PlymouthBreeze2015HardtopDoubleÂ OverheadCamshaftAutoPaleWhite22,Plymouth,Breeze,2015,Hardtop,DoubleÂ Overhead Camshaft,Auto,Pale White,22
AudiA62016SUVDoubleÂ OverheadCamshaftAutoBlack14,Audi,A6,2016,SUV,DoubleÂ Overhead Camshaft,Auto,Black,14
MitsubishiDiamante2016HatchbackOverheadCamshaftManualBlack49,Mitsubishi,Diamante,2016,Hatchback,Overhead Camshaft,Manual,Black,49
ToyotaRAV42016HatchbackDoubleÂ OverheadCamshaftAutoPaleWhite27,Toyota,RAV4,2016,Hatchback,DoubleÂ Overhead Camshaft,Auto,Pale White,27
VolkswagenJetta2015PassengerDoubleÂ OverheadCamshaftAutoRed16,Volkswagen,Jetta,2015,Passenger,DoubleÂ Overhead Camshaft,Auto,Red,16
VolvoS702015HardtopDoubleÂ OverheadCamshaftAutoBlack26,Volvo,S70,2015,Hardtop,DoubleÂ Overhead Camshaft,Auto,Black,26
OldsmobileSilhouette2016SedanOverheadCamshaftManualPaleWhite26,Oldsmobile,Silhouette,2016,Sedan,Overhead Camshaft,Manual,Pale White,26
OldsmobileAurora2016PassengerOverheadCamshaftManualRed34,Oldsmobile,Aurora,2016,Passenger,Overhead Camshaft,Manual,Red,34
VolkswagenGTI2015SUVOverheadCamshaftManualBlack25,Volkswagen,GTI,2015,SUV,Overhead Camshaft,Manual,Black,25
ChevroletCorvette2015SUVDoubleÂ OverheadCamshaftAutoPaleWhite25,Chevrolet,Corvette,2015,SUV,DoubleÂ Overhead Camshaft,Auto,Pale White,25
AudiA62015SUVOverheadCamshaftManualPaleWhite14,Audi,A6,2015,SUV,Overhead Camshaft,Manual,Pale White,14
FordEscort2015PassengerDoubleÂ OverheadCamshaftAutoRed15,Ford,Escort,2015,Passenger,DoubleÂ Overhead Camshaft,Auto,Red,15
LexusLX4702016SUVDoubleÂ OverheadCamshaftAutoPaleWhite15,Lexus,LX470,2016,SUV,DoubleÂ Overhead Camshaft,Auto,Pale White,15
AudiA42015HardtopOverheadCamshaftManualPaleWhite12,Audi,A4,2015,Hardtop,Overhead Camshaft,Manual,Pale White,12
DodgeCaravan2015HardtopDoubleÂ OverheadCamshaftAutoBlack23,Dodge,Caravan,2015,Hardtop,DoubleÂ Overhead Camshaft,Auto,Black,23
DodgeViper2015SUVDoubleÂ OverheadCamshaftAutoRed41,Dodge,Viper,2015,SUV,DoubleÂ Overhead Camshaft,Auto,Red,41
FordExpedition2016SUVOverheadCamshaftManualBlack18,Ford,Expedition,2016,SUV,Overhead Camshaft,Manual,Black,18
OldsmobileAlero2016HardtopOverheadCamshaftManualBlack17,Oldsmobile,Alero,2016,Hardtop,Overhead Camshaft,Manual,Black,17
LincolnContinental2016PassengerOverheadCamshaftManualRed82,Lincoln,Continental,2016,Passenger,Overhead Camshaft,Manual,Red,82
ChevroletMalibu2016HardtopOverheadCamshaftManualRed82,Chevrolet,Malibu,2016,Hardtop,Overhead Camshaft,Manual,Red,82
Chrysler300M2015SUVDoubleÂ OverheadCamshaftAutoPaleWhite22,Chrysler,300M,2015,SUV,DoubleÂ Overhead Camshaft,Auto,Pale White,22
ChryslerLHS2015HatchbackDoubleÂ OverheadCamshaftAutoBlack26,Chrysler,LHS,2015,Hatchback,DoubleÂ Overhead Camshaft,Auto,Black,26
HyundaiSonata2015SUVOverheadCamshaftManualBlack15,Hyundai,Sonata,2015,SUV,Overhead Camshaft,Manual,Black,15
BuickParkAvenue2015HatchbackOverheadCamshaftManualRed45,Buick,Park Avenue,2015,Hatchback,Overhead Camshaft,Manual,Red,45
DodgeRamPickup2015HardtopOverheadCamshaftManualBlack19,Dodge,Ram Pickup,2015,Hardtop,Overhead Camshaft,Manual,Black,19
FordExpedition2015SUVOverheadCamshaftManualPaleWhite14,Ford,Expedition,2015,SUV,Overhead Camshaft,Manual,Pale White,14
OldsmobileSilhouette2016SedanOverheadCamshaftManualRed19,Oldsmobile,Silhouette,2016,Sedan,Overhead Camshaft,Manual,Red,19
ToyotaTacoma2016HardtopDoubleÂ OverheadCamshaftAutoPaleWhite53,Toyota,Tacoma,2016,Hardtop,DoubleÂ Overhead Camshaft,Auto,Pale White,53
ChevroletPrizm2015HardtopOverheadCamshaftManualBlack25,Chevrolet,Prizm,2015,Hardtop,Overhead Camshaft,Manual,Black,25
MitsubishiMonteroSport2015HardtopDoubleÂ OverheadCamshaftAutoPaleWhite53,Mitsubishi,Montero Sport,2015,Hardtop,DoubleÂ Overhead Camshaft,Auto,Pale White,53
SubaruForester2016HardtopDoubleÂ OverheadCamshaftAutoRed23,Subaru,Forester,2016,Hardtop,DoubleÂ Overhead Camshaft,Auto,Red,23
MercuryGrandMarquis2015SUVDoubleÂ OverheadCamshaftAutoBlack19,Mercury,Grand Marquis,2015,SUV,DoubleÂ Overhead Camshaft,Auto,Black,19
LincolnContinental2016PassengerOverheadCamshaftManualBlack42,Lincoln,Continental,2016,Passenger,Overhead Camshaft,Manual,Black,42
MitsubishiDiamante2016HatchbackDoubleÂ OverheadCamshaftAutoPaleWhite21,Mitsubishi,Diamante,2016,Hatchback,DoubleÂ Overhead Camshaft,Auto,Pale White,21
DodgeRamPickup2015HardtopOverheadCamshaftManualPaleWhite20,Dodge,Ram Pickup,2015,Hardtop,Overhead Camshaft,Manual,Pale White,20
HondaPassport2015HardtopDoubleÂ OverheadCamshaftAutoBlack26,Honda,Passport,2015,Hardtop,DoubleÂ Overhead Camshaft,Auto,Black,26
HondaPassport2015HardtopOverheadCamshaftManualPaleWhite27,Honda,Passport,2015,Hardtop,Overhead Camshaft,Manual,Pale White,27
MitsubishiDiamante2016HatchbackDoubleÂ OverheadCamshaftAutoBlack18,Mitsubishi,Diamante,2016,Hatchback,DoubleÂ Overhead Camshaft,Auto,Black,18
HondaCivic2015HatchbackOverheadCamshaftManualPaleWhite45,Honda,Civic,2015,Hatchback,Overhead Camshaft,Manual,Pale White,45
JeepGrandCherokee2016SUVOverheadCamshaftManualPaleWhite15,Jeep,Grand Cherokee,2016,SUV,Overhead Camshaft,Manual,Pale White,15
BuickParkAvenue2015HatchbackDoubleÂ OverheadCamshaftAutoRed12,Buick,Park Avenue,2015,Hatchback,DoubleÂ Overhead Camshaft,Auto,Red,12
Mitsubishi3000GT2015SedanDoubleÂ OverheadCamshaftAutoRed19,Mitsubishi,3000GT,2015,Sedan,DoubleÂ Overhead Camshaft,Auto,Red,19
JeepWrangler2015HatchbackOverheadCamshaftManualPaleWhite23,Jeep,Wrangler,2015,Hatchback,Overhead Camshaft,Manual,Pale White,23
ToyotaCelica2016SUVDoubleÂ OverheadCamshaftAutoPaleWhite31,Toyota,Celica,2016,SUV,DoubleÂ Overhead Camshaft,Auto,Pale White,31
InfinitiI302015HardtopDoubleÂ OverheadCamshaftAutoRed15,Infiniti,I30,2015,Hardtop,DoubleÂ Overhead Camshaft,Auto,Red,15
DodgeRamPickup2016HardtopOverheadCamshaftManualPaleWhite16,Dodge,Ram Pickup,2016,Hardtop,Overhead Camshaft,Manual,Pale White,16
AudiA82015PassengerOverheadCamshaftManualBlack44,Audi,A8,2015,Passenger,Overhead Camshaft,Manual,Black,44
VolkswagenPassat2015HatchbackOverheadCamshaftManualRed20,Volkswagen,Passat,2015,Hatchback,Overhead Camshaft,Manual,Red,20
AudiA62016SUVDoubleÂ OverheadCamshaftAutoPaleWhite42,Audi,A6,2016,SUV,DoubleÂ Overhead Camshaft,Auto,Pale White,42
VolvoC702015HatchbackDoubleÂ OverheadCamshaftAutoBlack12,Volvo,C70,2015,Hatchback,DoubleÂ Overhead Camshaft,Auto,Black,12
VolvoC702015HatchbackOverheadCamshaftManualBlack36,Volvo,C70,2015,Hatchback,Overhead Camshaft,Manual,Black,36
PlymouthProwler2015HatchbackOverheadCamshaftManualPaleWhite16,Plymouth,Prowler,2015,Hatchback,Overhead Camshaft,Manual,Pale White,16
SubaruOutback2016SUVOverheadCamshaftManualRed49,Subaru,Outback,2016,SUV,Overhead Camshaft,Manual,Red,49
HondaAccord2015SedanDoubleÂ OverheadCamshaftAutoPaleWhite19,Honda,Accord,2015,Sedan,DoubleÂ Overhead Camshaft,Auto,Pale White,19
PontiacSunfire2015SedanOverheadCamshaftManualRed43,Pontiac,Sunfire,2015,Sedan,Overhead Camshaft,Manual,Red,43
AcuraTL2016HatchbackOverheadCamshaftManualBlack21,Acura,TL,2016,Hatchback,Overhead Camshaft,Manual,Black,21
MitsubishiGalant2016PassengerDoubleÂ OverheadCamshaftAutoPaleWhite42,Mitsubishi,Galant,2016,Passenger,DoubleÂ Overhead Camshaft,Auto,Pale White,42
AcuraRL2015SUVOverheadCamshaftManualRed31,Acura,RL,2015,SUV,Overhead Camshaft,Manual,Red,31
ChryslerConcorde2016HardtopDoubleÂ OverheadCamshaftAutoPaleWhite46,Chrysler,Concorde,2016,Hardtop,DoubleÂ Overhead Camshaft,Auto,Pale White,46
BMW323i2015HatchbackDoubleÂ OverheadCamshaftAutoRed15,BMW,323i,2015,Hatchback,DoubleÂ Overhead Camshaft,Auto,Red,15
NissanSentra2016PassengerDoubleÂ OverheadCamshaftAutoBlack16,Nissan,Sentra,2016,Passenger,DoubleÂ Overhead Camshaft,Auto,Black,16
ChryslerSebringCoupe2016SedanOverheadCamshaftManualPaleWhite26,Chrysler,Sebring Coupe,2016,Sedan,Overhead Camshaft,Manual,Pale White,26
VolvoS802015SedanOverheadCamshaftManualPaleWhite21,Volvo,S80,2015,Sedan,Overhead Camshaft,Manual,Pale White,21
ChevroletLumina2015PassengerOverheadCamshaftManualBlack42,Chevrolet,Lumina,2015,Passenger,Overhead Camshaft,Manual,Black,42
Mercedes-BC-Class2016HatchbackOverheadCamshaftManualPaleWhite12,Mercedes-B,C-Class,2016,Hatchback,Overhead Camshaft,Manual,Pale White,12
Mercedes-BSLK2016PassengerOverheadCamshaftManualPaleWhite17,Mercedes-B,SLK,2016,Passenger,Overhead Camshaft,Manual,Pale White,17
LincolnTowncar2016HatchbackOverheadCamshaftManualBlack17,Lincoln,Town car,2016,Hatchback,Overhead Camshaft,Manual,Black,17
Mercedes-BSL-Class2016HardtopOverheadCamshaftManualBlack38,Mercedes-B,SL-Class,2016,Hardtop,Overhead Camshaft,Manual,Black,38
AudiA62015SUVOverheadCamshaftManualBlack15,Audi,A6,2015,SUV,Overhead Camshaft,Manual,Black,15
PorscheCarreraCoupe2016HardtopOverheadCamshaftManualBlack16,Porsche,Carrera Coupe,2016,Hardtop,Overhead Camshaft,Manual,Black,16
FordMustang2016HatchbackOverheadCamshaftManualRed43,Ford,Mustang,2016,Hatchback,Overhead Camshaft,Manual,Red,43
ToyotaLandCruiser2015SUVDoubleÂ OverheadCamshaftAutoRed12,Toyota,Land Cruiser,2015,SUV,DoubleÂ Overhead Camshaft,Auto,Red,12
ChevroletMalibu2016HardtopOverheadCamshaftManualPaleWhite41,Chevrolet,Malibu,2016,Hardtop,Overhead Camshaft,Manual,Pale White,41
LexusGS4002016HatchbackDoubleÂ OverheadCamshaftAutoBlack12,Lexus,GS400,2016,Hatchback,DoubleÂ Overhead Camshaft,Auto,Black,12
HondaOdyssey2015PassengerOverheadCamshaftManualPaleWhite27,Honda,Odyssey,2015,Passenger,Overhead Camshaft,Manual,Pale White,27
OldsmobileIntrigue2016SUVOverheadCamshaftManualRed25,Oldsmobile,Intrigue,2016,SUV,Overhead Camshaft,Manual,Red,25
AcuraRL2015SUVOverheadCamshaftManualRed26,Acura,RL,2015,SUV,Overhead Camshaft,Manual,Red,26
OldsmobileSilhouette2016SedanOverheadCamshaftManualPaleWhite14,Oldsmobile,Silhouette,2016,Sedan,Overhead Camshaft,Manual,Pale White,14
SaturnSW2016PassengerOverheadCamshaftManualBlack36,Saturn,SW,2016,Passenger,Overhead Camshaft,Manual,Black,36
ChevroletCamaro2015SedanDoubleÂ OverheadCamshaftAutoRed24,Chevrolet,Camaro,2015,Sedan,DoubleÂ Overhead Camshaft,Auto,Red,24
AudiA62016SUVOverheadCamshaftManualBlack25,Audi,A6,2016,SUV,Overhead Camshaft,Manual,Black,25
OldsmobileCutlass2016SedanDoubleÂ OverheadCamshaftAutoPaleWhite46,Oldsmobile,Cutlass,2016,Sedan,DoubleÂ Overhead Camshaft,Auto,Pale White,46
Mercedes-BS-Class2016SUVDoubleÂ OverheadCamshaftAutoBlack39,Mercedes-B,S-Class,2016,SUV,DoubleÂ Overhead Camshaft,Auto,Black,39
NissanMaxima2016SedanOverheadCamshaftManualRed16,Nissan,Maxima,2016,Sedan,Overhead Camshaft,Manual,Red,16
OldsmobileBravada2016HatchbackDoubleÂ OverheadCamshaftAutoRed15,Oldsmobile,Bravada,2016,Hatchback,DoubleÂ Overhead Camshaft,Auto,Red,15
BMW528i2016SUVDoubleÂ OverheadCamshaftAutoPaleWhite62,BMW,528i,2016,SUV,DoubleÂ Overhead Camshaft,Auto,Pale White,62
FordCrownVictoria2016PassengerDoubleÂ OverheadCamshaftAutoBlack11,Ford,Crown Victoria,2016,Passenger,DoubleÂ Overhead Camshaft,Auto,Black,11
NissanFrontier2016HatchbackOverheadCamshaftManualPaleWhite20,Nissan,Frontier,2016,Hatchback,Overhead Camshaft,Manual,Pale White,20
ToyotaCamry2016HatchbackOverheadCamshaftManualBlack29,Toyota,Camry,2016,Hatchback,Overhead Camshaft,Manual,Black,29
InfinitiI302015HardtopDoubleÂ OverheadCamshaftAutoPaleWhite51,Infiniti,I30,2015,Hardtop,DoubleÂ Overhead Camshaft,Auto,Pale White,51
NissanAltima2016HatchbackDoubleÂ OverheadCamshaftAutoPaleWhite20,Nissan,Altima,2016,Hatchback,DoubleÂ Overhead Camshaft,Auto,Pale White,20
VolvoS402016SedanOverheadCamshaftManualRed17,Volvo,S40,2016,Sedan,Overhead Camshaft,Manual,Red,17
VolkswagenPassat2015HatchbackDoubleÂ OverheadCamshaftAutoPaleWhite32,Volkswagen,Passat,2015,Hatchback,DoubleÂ Overhead Camshaft,Auto,Pale White,32
LexusLX4702016SUVOverheadCamshaftManualPaleWhite54,Lexus,LX470,2016,SUV,Overhead Camshaft,Manual,Pale White,54
DodgeStratus2015HatchbackOverheadCamshaftManualRed37,Dodge,Stratus,2015,Hatchback,Overhead Camshaft,Manual,Red,37
ChevroletMetro2016PassengerOverheadCamshaftManualPaleWhite13,Chevrolet,Metro,2016,Passenger,Overhead Camshaft,Manual,Pale White,13
DodgeDakota2016SedanDoubleÂ OverheadCamshaftAutoPaleWhite21,Dodge,Dakota,2016,Sedan,DoubleÂ Overhead Camshaft,Auto,Pale White,21
HyundaiSonata2015SUVOverheadCamshaftManualPaleWhite13,Hyundai,Sonata,2015,SUV,Overhead Camshaft,Manual,Pale White,13
FordTaurus2016SUVOverheadCamshaftManualBlack43,Ford,Taurus,2016,SUV,Overhead Camshaft,Manual,Black,43
ToyotaRAV42016HatchbackOverheadCamshaftManualPaleWhite22,Toyota,RAV4,2016,Hatchback,Overhead Camshaft,Manual,Pale White,22
PorscheBoxter2016SUVDoubleÂ OverheadCamshaftAutoBlack26,Porsche,Boxter,2016,SUV,DoubleÂ Overhead Camshaft,Auto,Black,26
ToyotaTacoma2016HardtopOverheadCamshaftManualPaleWhite24,Toyota,Tacoma,2016,Hardtop,Overhead Camshaft,Manual,Pale White,24
VolkswagenPassat2015HatchbackDoubleÂ OverheadCamshaftAutoPaleWhite31,Volkswagen,Passat,2015,Hatchback,DoubleÂ Overhead Camshaft,Auto,Pale White,31
BMW323i2015HatchbackOverheadCamshaftManualRed21,BMW,323i,2015,Hatchback,Overhead Camshaft,Manual,Red,21
ChevroletPrizm2015HardtopDoubleÂ OverheadCamshaftAutoRed15,Chevrolet,Prizm,2015,Hardtop,DoubleÂ Overhead Camshaft,Auto,Red,15
ChevroletCavalier2016SUVOverheadCamshaftManualPaleWhite14,Chevrolet,Cavalier,2016,SUV,Overhead Camshaft,Manual,Pale White,14
MitsubishiDiamante2016HatchbackOverheadCamshaftManualBlack22,Mitsubishi,Diamante,2016,Hatchback,Overhead Camshaft,Manual,Black,22
VolvoC702015HatchbackOverheadCamshaftManualPaleWhite24,Volvo,C70,2015,Hatchback,Overhead Camshaft,Manual,Pale White,24
PlymouthNeon2015SUVOverheadCamshaftManualPaleWhite22,Plymouth,Neon,2015,SUV,Overhead Camshaft,Manual,Pale White,22
Toyota4Runner2016SedanOverheadCamshaftManualBlack25,Toyota,4Runner,2016,Sedan,Overhead Camshaft,Manual,Black,25
Mercedes-BS-Class2016SUVOverheadCamshaftManualBlack85,Mercedes-B,S-Class,2016,SUV,Overhead Camshaft,Manual,Black,85
Mitsubishi3000GT2016SedanOverheadCamshaftManualPaleWhite21,Mitsubishi,3000GT,2016,Sedan,Overhead Camshaft,Manual,Pale White,21
VolkswagenGTI2015SUVDoubleÂ OverheadCamshaftAutoRed25,Volkswagen,GTI,2015,SUV,DoubleÂ Overhead Camshaft,Auto,Red,25
NissanAltima2016HatchbackDoubleÂ OverheadCamshaftAutoRed21,Nissan,Altima,2016,Hatchback,DoubleÂ Overhead Camshaft,Auto,Red,21
MitsubishiGalant2016PassengerDoubleÂ OverheadCamshaftAutoPaleWhite36,Mitsubishi,Galant,2016,Passenger,DoubleÂ Overhead Camshaft,Auto,Pale White,36
FordCrownVictoria2016PassengerOverheadCamshaftManualPaleWhite20,Ford,Crown Victoria,2016,Passenger,Overhead Camshaft,Manual,Pale White,20
NissanFrontier2016HatchbackOverheadCamshaftManualBlack53,Nissan,Frontier,2016,Hatchback,Overhead Camshaft,Manual,Black,53
ChevroletMalibu2015HardtopDoubleÂ OverheadCamshaftAutoPaleWhite25,Chevrolet,Malibu,2015,Hardtop,DoubleÂ Overhead Camshaft,Auto,Pale White,25
Mercedes-BS-Class2016SUVOverheadCamshaftManualRed21,Mercedes-B,S-Class,2016,SUV,Overhead Camshaft,Manual,Red,21
BMW323i2015HatchbackDoubleÂ OverheadCamshaftAutoBlack9,BMW,323i,2015,Hatchback,DoubleÂ Overhead Camshaft,Auto,Black,9
OldsmobileCutlass2016SedanDoubleÂ OverheadCamshaftAutoRed15,Oldsmobile,Cutlass,2016,Sedan,DoubleÂ Overhead Camshaft,Auto,Red,15
PlymouthVoyager2015PassengerOverheadCamshaftManualRed20,Plymouth,Voyager,2015,Passenger,Overhead Camshaft,Manual,Red,20
ChevroletPrizm2015HardtopOverheadCamshaftManualPaleWhite21,Chevrolet,Prizm,2015,Hardtop,Overhead Camshaft,Manual,Pale White,21
DodgeRamVan2016HatchbackDoubleÂ OverheadCamshaftAutoPaleWhite15,Dodge,Ram Van,2016,Hatchback,DoubleÂ Overhead Camshaft,Auto,Pale White,15
JaguarS-Type2015PassengerDoubleÂ OverheadCamshaftAutoBlack27,Jaguar,S-Type,2015,Passenger,DoubleÂ Overhead Camshaft,Auto,Black,27
ChryslerSebringCoupe2016SedanOverheadCamshaftManualBlack12,Chrysler,Sebring Coupe,2016,Sedan,Overhead Camshaft,Manual,Black,12
InfinitiI302015HardtopDoubleÂ OverheadCamshaftAutoBlack49,Infiniti,I30,2015,Hardtop,DoubleÂ Overhead Camshaft,Auto,Black,49
ChevroletCorvette2015SUVDoubleÂ OverheadCamshaftAutoRed45,Chevrolet,Corvette,2015,SUV,DoubleÂ Overhead Camshaft,Auto,Red,45
PontiacGrandAm2016SUVDoubleÂ OverheadCamshaftAutoPaleWhite12,Pontiac,Grand Am,2016,SUV,DoubleÂ Overhead Camshaft,Auto,Pale White,12
BuickLeSabre2015SedanOverheadCamshaftManualBlack20,Buick,LeSabre,2015,Sedan,Overhead Camshaft,Manual,Black,20
Saab440792016HatchbackOverheadCamshaftManualPaleWhite28,Saab,5-Sep,2016,Hatchback,Overhead Camshaft,Manual,Pale White,28
ChryslerLHS2016HatchbackDoubleÂ OverheadCamshaftAutoPaleWhite21,Chrysler,LHS,2016,Hatchback,DoubleÂ Overhead Camshaft,Auto,Pale White,21
BMW323i2015HatchbackDoubleÂ OverheadCamshaftAutoRed19,BMW,323i,2015,Hatchback,DoubleÂ Overhead Camshaft,Auto,Red,19
DodgeStratus2015HatchbackDoubleÂ OverheadCamshaftAutoRed31,Dodge,Stratus,2015,Hatchback,DoubleÂ Overhead Camshaft,Auto,Red,31
AcuraRL2015SUVOverheadCamshaftManualPaleWhite17,Acura,RL,2015,SUV,Overhead Camshaft,Manual,Pale White,17
HondaAccord2015SedanOverheadCamshaftManualRed14,Honda,Accord,2015,Sedan,Overhead Camshaft,Manual,Red,14
AcuraRL2015SUVOverheadCamshaftManualRed34,Acura,RL,2015,SUV,Overhead Camshaft,Manual,Red,34
AudiA42015HardtopDoubleÂ OverheadCamshaftAutoBlack27,Audi,A4,2015,Hardtop,DoubleÂ Overhead Camshaft,Auto,Black,27
PlymouthNeon2015SUVDoubleÂ OverheadCamshaftAutoPaleWhite27,Plymouth,Neon,2015,SUV,DoubleÂ Overhead Camshaft,Auto,Pale White,27
ChevroletLumina2015PassengerOverheadCamshaftManualRed12,Chevrolet,Lumina,2015,Passenger,Overhead Camshaft,Manual,Red,12
ChevroletCorvette2015SUVOverheadCamshaftManualBlack26,Chevrolet,Corvette,2015,SUV,Overhead Camshaft,Manual,Black,26
VolkswagenJetta2015PassengerDoubleÂ OverheadCamshaftAutoRed33,Volkswagen,Jetta,2015,Passenger,DoubleÂ Overhead Camshaft,Auto,Red,33
VolvoV402015SUVDoubleÂ OverheadCamshaftAutoPaleWhite18,Volvo,V40,2015,SUV,DoubleÂ Overhead Camshaft,Auto,Pale White,18
MitsubishiMontero2015SUVOverheadCamshaftManualBlack16,Mitsubishi,Montero,2015,SUV,Overhead Camshaft,Manual,Black,16
MercurySable2015SedanDoubleÂ OverheadCamshaftAutoRed39,Mercury,Sable,2015,Sedan,DoubleÂ Overhead Camshaft,Auto,Red,39
LexusGS4002016HatchbackOverheadCamshaftManualBlack53,Lexus,GS400,2016,Hatchback,Overhead Camshaft,Manual,Black,53
ChevroletMalibu2015HardtopOverheadCamshaftManualPaleWhite14,Chevrolet,Malibu,2015,Hardtop,Overhead Camshaft,Manual,Pale White,14
Saab440772016SedanDoubleÂ OverheadCamshaftAutoBlack26,Saab,3-Sep,2016,Sedan,DoubleÂ Overhead Camshaft,Auto,Black,26
Chrysler300M2015SUVDoubleÂ OverheadCamshaftAutoRed16,Chrysler,300M,2015,SUV,DoubleÂ Overhead Camshaft,Auto,Red,16
VolvoS402015SedanOverheadCamshaftManualRed17,Volvo,S40,2015,Sedan,Overhead Camshaft,Manual,Red,17
Mercedes-BE-Class2016SedanDoubleÂ OverheadCamshaftAutoRed15,Mercedes-B,E-Class,2016,Sedan,DoubleÂ Overhead Camshaft,Auto,Red,15
ChevroletMetro2016PassengerDoubleÂ OverheadCamshaftAutoPaleWhite12,Chevrolet,Metro,2016,Passenger,DoubleÂ Overhead Camshaft,Auto,Pale White,12
SaturnLS2016SedanDoubleÂ OverheadCamshaftAutoPaleWhite51,Saturn,LS,2016,Sedan,DoubleÂ Overhead Camshaft,Auto,Pale White,51
Mercedes-BM-Class2016HardtopOverheadCamshaftManualPaleWhite41,Mercedes-B,M-Class,2016,Hardtop,Overhead Camshaft,Manual,Pale White,41
FordExpedition2015SUVDoubleÂ OverheadCamshaftAutoBlack41,Ford,Expedition,2015,SUV,DoubleÂ Overhead Camshaft,Auto,Black,41
DodgeAvenger2015PassengerDoubleÂ OverheadCamshaftAutoRed39,Dodge,Avenger,2015,Passenger,DoubleÂ Overhead Camshaft,Auto,Red,39
SaturnLW2016HatchbackDoubleÂ OverheadCamshaftAutoPaleWhite18,Saturn,LW,2016,Hatchback,DoubleÂ Overhead Camshaft,Auto,Pale White,18
OldsmobileSilhouette2015SedanDoubleÂ OverheadCamshaftAutoRed12,Oldsmobile,Silhouette,2015,Sedan,DoubleÂ Overhead Camshaft,Auto,Red,12
PlymouthProwler2015HatchbackDoubleÂ OverheadCamshaftAutoRed15,Plymouth,Prowler,2015,Hatchback,DoubleÂ Overhead Camshaft,Auto,Red,15
OldsmobileIntrigue2016SUVDoubleÂ OverheadCamshaftAutoPaleWhite45,Oldsmobile,Intrigue,2016,SUV,DoubleÂ Overhead Camshaft,Auto,Pale White,45
OldsmobileBravada2016HatchbackOverheadCamshaftManualBlack36,Oldsmobile,Bravada,2016,Hatchback,Overhead Camshaft,Manual,Black,36
VolkswagenGolf2015HardtopDoubleÂ OverheadCamshaftAutoRed35,Volkswagen,Golf,2015,Hardtop,DoubleÂ Overhead Camshaft,Auto,Red,35
LexusGS3002016PassengerOverheadCamshaftManualBlack51,Lexus,GS300,2016,Passenger,Overhead Camshaft,Manual,Black,51
FordRanger2015HardtopOverheadCamshaftManualBlack18,Ford,Ranger,2015,Hardtop,Overhead Camshaft,Manual,Black,18
DodgeCaravan2015HardtopDoubleÂ OverheadCamshaftAutoRed19,Dodge,Caravan,2015,Hardtop,DoubleÂ Overhead Camshaft,Auto,Red,19
HondaCivic2015HatchbackDoubleÂ OverheadCamshaftAutoPaleWhite25,Honda,Civic,2015,Hatchback,DoubleÂ Overhead Camshaft,Auto,Pale White,25
MitsubishiMirage2016SUVDoubleÂ OverheadCamshaftAutoBlack9,Mitsubishi,Mirage,2016,SUV,DoubleÂ Overhead Camshaft,Auto,Black,9
BMW328i2016SedanDoubleÂ OverheadCamshaftAutoBlack41,BMW,328i,2016,Sedan,DoubleÂ Overhead Camshaft,Auto,Black,41
CadillacCatera2016HatchbackDoubleÂ OverheadCamshaftAutoPaleWhite75,Cadillac,Catera,2016,Hatchback,DoubleÂ Overhead Camshaft,Auto,Pale White,75
Mercedes-BSLK2016PassengerDoubleÂ OverheadCamshaftAutoRed19,Mercedes-B,SLK,2016,Passenger,DoubleÂ Overhead Camshaft,Auto,Red,19
VolvoS402015SedanOverheadCamshaftManualPaleWhite17,Volvo,S40,2015,Sedan,Overhead Camshaft,Manual,Pale White,17
InfinitiI302015HardtopDoubleÂ OverheadCamshaftAutoBlack21,Infiniti,I30,2015,Hardtop,DoubleÂ Overhead Camshaft,Auto,Black,21
DodgeRamVan2016HatchbackDoubleÂ OverheadCamshaftAutoBlack60,Dodge,Ram Van,2016,Hatchback,DoubleÂ Overhead Camshaft,Auto,Black,60
VolkswagenCabrio2015SedanDoubleÂ OverheadCamshaftAutoBlack16,Volkswagen,Cabrio,2015,Sedan,DoubleÂ Overhead Camshaft,Auto,Black,16
ChryslerSebringCoupe2016SedanOverheadCamshaftManualRed21,Chrysler,Sebring Coupe,2016,Sedan,Overhead Camshaft,Manual,Red,21
ChevroletMetro2016PassengerOverheadCamshaftManualRed37,Chevrolet,Metro,2016,Passenger,Overhead Camshaft,Manual,Red,37
FordExpedition2016SUVOverheadCamshaftManualBlack10,Ford,Expedition,2016,SUV,Overhead Camshaft,Manual,Black,10
SubaruForester2016HardtopOverheadCamshaftManualRed17,Subaru,Forester,2016,Hardtop,Overhead Camshaft,Manual,Red,17
FordF-Series2015PassengerOverheadCamshaftManualRed13,Ford,F-Series,2015,Passenger,Overhead Camshaft,Manual,Red,13
Mercedes-BCL5002016SUVOverheadCamshaftManualRed29,Mercedes-B,CL500,2016,SUV,Overhead Camshaft,Manual,Red,29
LexusLS4002016SedanOverheadCamshaftManualBlack69,Lexus,LS400,2016,Sedan,Overhead Camshaft,Manual,Black,69
Mercedes-BSLK2016PassengerOverheadCamshaftManualPaleWhite57,Mercedes-B,SLK,2016,Passenger,Overhead Camshaft,Manual,Pale White,57
AudiA62015SUVOverheadCamshaftManualPaleWhite13,Audi,A6,2015,SUV,Overhead Camshaft,Manual,Pale White,13
BMW528i2016SUVOverheadCamshaftManualRed25,BMW,528i,2016,SUV,Overhead Camshaft,Manual,Red,25
VolkswagenPassat2015HatchbackDoubleÂ OverheadCamshaftAutoBlack21,Volkswagen,Passat,2015,Hatchback,DoubleÂ Overhead Camshaft,Auto,Black,21
VolkswagenGTI2016SUVOverheadCamshaftManualPaleWhite28,Volkswagen,GTI,2016,SUV,Overhead Camshaft,Manual,Pale White,28
PlymouthNeon2015SUVDoubleÂ OverheadCamshaftAutoBlack9,Plymouth,Neon,2015,SUV,DoubleÂ Overhead Camshaft,Auto,Black,9
ChevroletImpala2016HatchbackOverheadCamshaftManualPaleWhite14,Chevrolet,Impala,2016,Hatchback,Overhead Camshaft,Manual,Pale White,14
OldsmobileBravada2016HatchbackOverheadCamshaftManualBlack17,Oldsmobile,Bravada,2016,Hatchback,Overhead Camshaft,Manual,Black,17
MercuryCougar2015HatchbackDoubleÂ OverheadCamshaftAutoBlack26,Mercury,Cougar,2015,Hatchback,DoubleÂ Overhead Camshaft,Auto,Black,26
InfinitiI302015HardtopOverheadCamshaftManualRed22,Infiniti,I30,2015,Hardtop,Overhead Camshaft,Manual,Red,22
ChevroletPrizm2015HardtopOverheadCamshaftManualBlack27,Chevrolet,Prizm,2015,Hardtop,Overhead Camshaft,Manual,Black,27
PontiacBonneville2016HatchbackOverheadCamshaftManualBlack36,Pontiac,Bonneville,2016,Hatchback,Overhead Camshaft,Manual,Black,36
PontiacSunfire2015SedanDoubleÂ OverheadCamshaftAutoBlack18,Pontiac,Sunfire,2015,Sedan,DoubleÂ Overhead Camshaft,Auto,Black,18
ChryslerLHS2015HatchbackOverheadCamshaftManualPaleWhite41,Chrysler,LHS,2015,Hatchback,Overhead Camshaft,Manual,Pale White,41
Mercedes-BSLK2302016HatchbackOverheadCamshaftManualPaleWhite14,Mercedes-B,SLK230,2016,Hatchback,Overhead Camshaft,Manual,Pale White,14
HondaCivic2015HatchbackOverheadCamshaftManualBlack43,Honda,Civic,2015,Hatchback,Overhead Camshaft,Manual,Black,43
JaguarS-Type2015PassengerDoubleÂ OverheadCamshaftAutoBlack16,Jaguar,S-Type,2015,Passenger,DoubleÂ Overhead Camshaft,Auto,Black,16
DodgeRamPickup2016HardtopOverheadCamshaftManualPaleWhite21,Dodge,Ram Pickup,2016,Hardtop,Overhead Camshaft,Manual,Pale White,21
MercuryCougar2015HatchbackDoubleÂ OverheadCamshaftAutoBlack33,Mercury,Cougar,2015,Hatchback,DoubleÂ Overhead Camshaft,Auto,Black,33
ToyotaSienna2016PassengerOverheadCamshaftManualBlack12,Toyota,Sienna,2016,Passenger,Overhead Camshaft,Manual,Black,12
VolvoV702015PassengerDoubleÂ OverheadCamshaftAutoBlack39,Volvo,V70,2015,Passenger,DoubleÂ Overhead Camshaft,Auto,Black,39
NissanQuest2016SUVOverheadCamshaftManualBlack19,Nissan,Quest,2016,SUV,Overhead Camshaft,Manual,Black,19
NissanMaxima2016SedanOverheadCamshaftManualPaleWhite54,Nissan,Maxima,2016,Sedan,Overhead Camshaft,Manual,Pale White,54
DodgeDurango2016SUVDoubleÂ OverheadCamshaftAutoRed22,Dodge,Durango,2016,SUV,DoubleÂ Overhead Camshaft,Auto,Red,22
MercuryGrandMarquis2016SUVOverheadCamshaftManualRed71,Mercury,Grand Marquis,2016,SUV,Overhead Camshaft,Manual,Red,71
ChevroletCamaro2015SedanDoubleÂ OverheadCamshaftAutoPaleWhite17,Chevrolet,Camaro,2015,Sedan,DoubleÂ Overhead Camshaft,Auto,Pale White,17
ChevroletMetro2016PassengerDoubleÂ OverheadCamshaftAutoPaleWhite19,Chevrolet,Metro,2016,Passenger,DoubleÂ Overhead Camshaft,Auto,Pale White,19
JaguarS-Type2015PassengerOverheadCamshaftManualPaleWhite20,Jaguar,S-Type,2015,Passenger,Overhead Camshaft,Manual,Pale White,20
ChryslerCirrus2016PassengerDoubleÂ OverheadCamshaftAutoRed12,Chrysler,Cirrus,2016,Passenger,DoubleÂ Overhead Camshaft,Auto,Red,12
FordExpedition2015SUVOverheadCamshaftManualRed22,Ford,Expedition,2015,SUV,Overhead Camshaft,Manual,Red,22
VolkswagenJetta2015PassengerDoubleÂ OverheadCamshaftAutoRed19,Volkswagen,Jetta,2015,Passenger,DoubleÂ Overhead Camshaft,Auto,Red,19
Mercedes-BE-Class2016SedanDoubleÂ OverheadCamshaftAutoPaleWhite31,Mercedes-B,E-Class,2016,Sedan,DoubleÂ Overhead Camshaft,Auto,Pale White,31
VolvoS402016SedanDoubleÂ OverheadCamshaftAutoRed29,Volvo,S40,2016,Sedan,DoubleÂ Overhead Camshaft,Auto,Red,29
DodgeViper2015SUVDoubleÂ OverheadCamshaftAutoRed23,Dodge,Viper,2015,SUV,DoubleÂ Overhead Camshaft,Auto,Red,23
PontiacBonneville2016HatchbackDoubleÂ OverheadCamshaftAutoRed19,Pontiac,Bonneville,2016,Hatchback,DoubleÂ Overhead Camshaft,Auto,Red,19
DodgeDurango2015SUVDoubleÂ OverheadCamshaftAutoPaleWhite10,Dodge,Durango,2015,SUV,DoubleÂ Overhead Camshaft,Auto,Pale White,10
ToyotaCelica2016SUVDoubleÂ OverheadCamshaftAutoPaleWhite25,Toyota,Celica,2016,SUV,DoubleÂ Overhead Camshaft,Auto,Pale White,25
FordTaurus2016SUVOverheadCamshaftManualRed22,Ford,Taurus,2016,SUV,Overhead Camshaft,Manual,Red,22
PontiacFirebird2016HardtopOverheadCamshaftManualBlack43,Pontiac,Firebird,2016,Hardtop,Overhead Camshaft,Manual,Black,43
ChevroletPrizm2016HardtopDoubleÂ OverheadCamshaftAutoBlack16,Chevrolet,Prizm,2016,Hardtop,DoubleÂ Overhead Camshaft,Auto,Black,16
CadillacEldorado2016PassengerOverheadCamshaftManualBlack85,Cadillac,Eldorado,2016,Passenger,Overhead Camshaft,Manual,Black,85
BuickRegal2014PassengerOverheadCamshaftManualRed43,Buick,Regal,2014,Passenger,Overhead Camshaft,Manual,Red,43
AcuraRL2015SUVDoubleÂ OverheadCamshaftAutoBlack24,Acura,RL,2015,SUV,DoubleÂ Overhead Camshaft,Auto,Black,24
BuickRegal2014PassengerDoubleÂ OverheadCamshaftAutoBlack19,Buick,Regal,2014,Passenger,DoubleÂ Overhead Camshaft,Auto,Black,19
BuickParkAvenue2015HatchbackOverheadCamshaftManualBlack29,Buick,Park Avenue,2015,Hatchback,Overhead Camshaft,Manual,Black,29
LexusLS4002016SedanDoubleÂ OverheadCamshaftAutoPaleWhite46,Lexus,LS400,2016,Sedan,DoubleÂ Overhead Camshaft,Auto,Pale White,46
ToyotaSienna2016PassengerOverheadCamshaftManualBlack27,Toyota,Sienna,2016,Passenger,Overhead Camshaft,Manual,Black,27
JeepWrangler2016HatchbackDoubleÂ OverheadCamshaftAutoRed19,Jeep,Wrangler,2016,Hatchback,DoubleÂ Overhead Camshaft,Auto,Red,19
Mercedes-BSLK2016PassengerDoubleÂ OverheadCamshaftAutoPaleWhite46,Mercedes-B,SLK,2016,Passenger,DoubleÂ Overhead Camshaft,Auto,Pale White,46
Mercedes-BS-Class2016SUVDoubleÂ OverheadCamshaftAutoPaleWhite10,Mercedes-B,S-Class,2016,SUV,DoubleÂ Overhead Camshaft,Auto,Pale White,10
Mercedes-BSL-Class2016HardtopOverheadCamshaftManualPaleWhite26,Mercedes-B,SL-Class,2016,Hardtop,Overhead Camshaft,Manual,Pale White,26
VolvoS802015SedanOverheadCamshaftManualRed25,Volvo,S80,2015,Sedan,Overhead Camshaft,Manual,Red,25
ChevroletMonteCarlo2015HatchbackOverheadCamshaftManualRed17,Chevrolet,Monte Carlo,2015,Hatchback,Overhead Camshaft,Manual,Red,17
CadillacCatera2016HatchbackDoubleÂ OverheadCamshaftAutoRed28,Cadillac,Catera,2016,Hatchback,DoubleÂ Overhead Camshaft,Auto,Red,28
MercuryGrandMarquis2016SUVOverheadCamshaftManualBlack49,Mercury,Grand Marquis,2016,SUV,Overhead Camshaft,Manual,Black,49
BMW528i2016SUVOverheadCamshaftManualPaleWhite14,BMW,528i,2016,SUV,Overhead Camshaft,Manual,Pale White,14
ChryslerSebringCoupe2016SedanDoubleÂ OverheadCamshaftAutoRed19,Chrysler,Sebring Coupe,2016,Sedan,DoubleÂ Overhead Camshaft,Auto,Red,19
NissanPathfinder2016HardtopOverheadCamshaftManualPaleWhite16,Nissan,Pathfinder,2016,Hardtop,Overhead Camshaft,Manual,Pale White,16
LexusLS4002016SedanOverheadCamshaftManualPaleWhite54,Lexus,LS400,2016,Sedan,Overhead Camshaft,Manual,Pale White,54
BMW328i2016SedanOverheadCamshaftManualBlack69,BMW,328i,2016,Sedan,Overhead Camshaft,Manual,Black,69
FordMustang2016HatchbackDoubleÂ OverheadCamshaftAutoPaleWhite22,Ford,Mustang,2016,Hatchback,DoubleÂ Overhead Camshaft,Auto,Pale White,22
ChryslerConcorde2016HardtopDoubleÂ OverheadCamshaftAutoPaleWhite42,Chrysler,Concorde,2016,Hardtop,DoubleÂ Overhead Camshaft,Auto,Pale White,42
HondaCR-V2015SUVDoubleÂ OverheadCamshaftAutoPaleWhite22,Honda,CR-V,2015,SUV,DoubleÂ Overhead Camshaft,Auto,Pale White,22
ChevroletPrizm2016HardtopOverheadCamshaftManualBlack16,Chevrolet,Prizm,2016,Hardtop,Overhead Camshaft,Manual,Black,16
VolkswagenPassat2015HatchbackOverheadCamshaftManualPaleWhite27,Volkswagen,Passat,2015,Hatchback,Overhead Camshaft,Manual,Pale White,27
DodgeViper2015SUVOverheadCamshaftManualBlack26,Dodge,Viper,2015,SUV,Overhead Camshaft,Manual,Black,26
VolvoC702015HatchbackOverheadCamshaftManualRed82,Volvo,C70,2015,Hatchback,Overhead Camshaft,Manual,Red,82
CadillacDeVille2015SUVDoubleÂ OverheadCamshaftAutoRed69,Cadillac,DeVille,2015,SUV,DoubleÂ Overhead Camshaft,Auto,Red,69
NissanPathfinder2016HardtopDoubleÂ OverheadCamshaftAutoRed31,Nissan,Pathfinder,2016,Hardtop,DoubleÂ Overhead Camshaft,Auto,Red,31
FordCrownVictoria2016PassengerDoubleÂ OverheadCamshaftAutoRed29,Ford,Crown Victoria,2016,Passenger,DoubleÂ Overhead Camshaft,Auto,Red,29
SaturnSL2016SUVDoubleÂ OverheadCamshaftAutoRed20,Saturn,SL,2016,SUV,DoubleÂ Overhead Camshaft,Auto,Red,20
FordTaurus2016SUVDoubleÂ OverheadCamshaftAutoBlack12,Ford,Taurus,2016,SUV,DoubleÂ Overhead Camshaft,Auto,Black,12
PontiacSunfire2015SedanOverheadCamshaftManualPaleWhite28,Pontiac,Sunfire,2015,Sedan,Overhead Camshaft,Manual,Pale White,28
Mercedes-BS-Class2016SUVDoubleÂ OverheadCamshaftAutoRed14,Mercedes-B,S-Class,2016,SUV,DoubleÂ Overhead Camshaft,Auto,Red,14
ChevroletMalibu2016HardtopDoubleÂ OverheadCamshaftAutoBlack16,Chevrolet,Malibu,2016,Hardtop,DoubleÂ Overhead Camshaft,Auto,Black,16
VolkswagenPassat2015HatchbackDoubleÂ OverheadCamshaftAutoRed13,Volkswagen,Passat,2015,Hatchback,DoubleÂ Overhead Camshaft,Auto,Red,13
PlymouthBreeze2015HardtopDoubleÂ OverheadCamshaftAutoRed39,Plymouth,Breeze,2015,Hardtop,DoubleÂ Overhead Camshaft,Auto,Red,39
FordExplorer2016HatchbackDoubleÂ OverheadCamshaftAutoBlack22,Ford,Explorer,2016,Hatchback,DoubleÂ Overhead Camshaft,Auto,Black,22
ChevroletCavalier2016SUVOverheadCamshaftManualPaleWhite20,Chevrolet,Cavalier,2016,SUV,Overhead Camshaft,Manual,Pale White,20
Mercedes-BM-Class2016HardtopDoubleÂ OverheadCamshaftAutoBlack18,Mercedes-B,M-Class,2016,Hardtop,DoubleÂ Overhead Camshaft,Auto,Black,18
OldsmobileBravada2016HatchbackDoubleÂ OverheadCamshaftAutoBlack26,Oldsmobile,Bravada,2016,Hatchback,DoubleÂ Overhead Camshaft,Auto,Black,26
OldsmobileCutlass2016SedanOverheadCamshaftManualPaleWhite41,Oldsmobile,Cutlass,2016,Sedan,Overhead Camshaft,Manual,Pale White,41
VolvoS702015HardtopOverheadCamshaftManualPaleWhite24,Volvo,S70,2015,Hardtop,Overhead Camshaft,Manual,Pale White,24
ChryslerLHS2016HatchbackOverheadCamshaftManualBlack51,Chrysler,LHS,2016,Hatchback,Overhead Camshaft,Manual,Black,51
FordMustang2016HatchbackDoubleÂ OverheadCamshaftAutoRed31,Ford,Mustang,2016,Hatchback,DoubleÂ Overhead Camshaft,Auto,Red,31
VolkswagenPassat2015HatchbackOverheadCamshaftManualPaleWhite12,Volkswagen,Passat,2015,Hatchback,Overhead Camshaft,Manual,Pale White,12
Mitsubishi3000GT2016SedanDoubleÂ OverheadCamshaftAutoRed19,Mitsubishi,3000GT,2016,Sedan,DoubleÂ Overhead Camshaft,Auto,Red,19
MitsubishiMonteroSport2015HardtopOverheadCamshaftManualBlack42,Mitsubishi,Montero Sport,2015,Hardtop,Overhead Camshaft,Manual,Black,42
JeepCherokee2016SedanDoubleÂ OverheadCamshaftAutoRed14,Jeep,Cherokee,2016,Sedan,DoubleÂ Overhead Camshaft,Auto,Red,14
FordWindstar2016SedanDoubleÂ OverheadCamshaftAutoPaleWhite19,Ford,Windstar,2016,Sedan,DoubleÂ Overhead Camshaft,Auto,Pale White,19
InfinitiI302015HardtopDoubleÂ OverheadCamshaftAutoRed31,Infiniti,I30,2015,Hardtop,DoubleÂ Overhead Camshaft,Auto,Red,31
DodgeRamPickup2015HardtopDoubleÂ OverheadCamshaftAutoPaleWhite45,Dodge,Ram Pickup,2015,Hardtop,DoubleÂ Overhead Camshaft,Auto,Pale White,45
MercurySable2015SedanDoubleÂ OverheadCamshaftAutoPaleWhite26,Mercury,Sable,2015,Sedan,DoubleÂ Overhead Camshaft,Auto,Pale White,26
CadillacEscalade2016SedanOverheadCamshaftManualBlack34,Cadillac,Escalade,2016,Sedan,Overhead Camshaft,Manual,Black,34
SubaruOutback2016SUVDoubleÂ OverheadCamshaftAutoPaleWhite19,Subaru,Outback,2016,SUV,DoubleÂ Overhead Camshaft,Auto,Pale White,19
PlymouthProwler2015HatchbackOverheadCamshaftManualRed71,Plymouth,Prowler,2015,Hatchback,Overhead Camshaft,Manual,Red,71
DodgeCaravan2015HardtopDoubleÂ OverheadCamshaftAutoPaleWhite38,Dodge,Caravan,2015,Hardtop,DoubleÂ Overhead Camshaft,Auto,Pale White,38
HyundaiElantra2015SedanOverheadCamshaftManualRed22,Hyundai,Elantra,2015,Sedan,Overhead Camshaft,Manual,Red,22
LexusLS4002016SedanDoubleÂ OverheadCamshaftAutoBlack39,Lexus,LS400,2016,Sedan,DoubleÂ Overhead Camshaft,Auto,Black,39
LexusLS4002016SedanDoubleÂ OverheadCamshaftAutoPaleWhite18,Lexus,LS400,2016,Sedan,DoubleÂ Overhead Camshaft,Auto,Pale White,18
PorscheCarreraCabrio2016PassengerOverheadCamshaftManualBlack22,Porsche,Carrera Cabrio,2016,Passenger,Overhead Camshaft,Manual,Black,22
CadillacEscalade2016SedanDoubleÂ OverheadCamshaftAutoPaleWhite38,Cadillac,Escalade,2016,Sedan,DoubleÂ Overhead Camshaft,Auto,Pale White,38
SaturnLW2016HatchbackOverheadCamshaftManualRed49,Saturn,LW,2016,Hatchback,Overhead Camshaft,Manual,Red,49
AcuraTL2015HatchbackDoubleÂ OverheadCamshaftAutoRed29,Acura,TL,2015,Hatchback,DoubleÂ Overhead Camshaft,Auto,Red,29
LexusGS3002016PassengerOverheadCamshaftManualRed17,Lexus,GS300,2016,Passenger,Overhead Camshaft,Manual,Red,17
CadillacSeville2015HardtopOverheadCamshaftManualBlack44,Cadillac,Seville,2015,Hardtop,Overhead Camshaft,Manual,Black,44
OldsmobileBravada2016HatchbackDoubleÂ OverheadCamshaftAutoRed19,Oldsmobile,Bravada,2016,Hatchback,DoubleÂ Overhead Camshaft,Auto,Red,19
JeepCherokee2016SedanDoubleÂ OverheadCamshaftAutoPaleWhite36,Jeep,Cherokee,2016,Sedan,DoubleÂ Overhead Camshaft,Auto,Pale White,36
ChryslerConcorde2016HardtopDoubleÂ OverheadCamshaftAutoRed19,Chrysler,Concorde,2016,Hardtop,DoubleÂ Overhead Camshaft,Auto,Red,19
HondaCR-V2015SUVDoubleÂ OverheadCamshaftAutoRed12,Honda,CR-V,2015,SUV,DoubleÂ Overhead Camshaft,Auto,Red,12
VolkswagenGTI2015SUVDoubleÂ OverheadCamshaftAutoPaleWhite20,Volkswagen,GTI,2015,SUV,DoubleÂ Overhead Camshaft,Auto,Pale White,20
NissanPathfinder2016HardtopDoubleÂ OverheadCamshaftAutoPaleWhite75,Nissan,Pathfinder,2016,Hardtop,DoubleÂ Overhead Camshaft,Auto,Pale White,75
CadillacEldorado2015PassengerDoubleÂ OverheadCamshaftAutoRed31,Cadillac,Eldorado,2015,Passenger,DoubleÂ Overhead Camshaft,Auto,Red,31
DodgeDurango2016SUVOverheadCamshaftManualPaleWhite27,Dodge,Durango,2016,SUV,Overhead Camshaft,Manual,Pale White,27
BuickRegal2015PassengerDoubleÂ OverheadCamshaftAutoPaleWhite46,Buick,Regal,2015,Passenger,DoubleÂ Overhead Camshaft,Auto,Pale White,46
PlymouthVoyager2015PassengerOverheadCamshaftManualBlack75,Plymouth,Voyager,2015,Passenger,Overhead Camshaft,Manual,Black,75
PorscheCarreraCoupe2016HardtopDoubleÂ OverheadCamshaftAutoRed22,Porsche,Carrera Coupe,2016,Hardtop,DoubleÂ Overhead Camshaft,Auto,Red,22
ChryslerLHS2015HatchbackDoubleÂ OverheadCamshaftAutoPaleWhite20,Chrysler,LHS,2015,Hatchback,DoubleÂ Overhead Camshaft,Auto,Pale White,20
VolkswagenCabrio2015SedanDoubleÂ OverheadCamshaftAutoPaleWhite17,Volkswagen,Cabrio,2015,Sedan,DoubleÂ Overhead Camshaft,Auto,Pale White,17
CadillacEldorado2015PassengerOverheadCamshaftManualBlack29,Cadillac,Eldorado,2015,Passenger,Overhead Camshaft,Manual,Black,29
ToyotaCelica2016SUVDoubleÂ OverheadCamshaftAutoPaleWhite45,Toyota,Celica,2016,SUV,DoubleÂ Overhead Camshaft,Auto,Pale White,45
PlymouthVoyager2015PassengerDoubleÂ OverheadCamshaftAutoPaleWhite22,Plymouth,Voyager,2015,Passenger,DoubleÂ Overhead Camshaft,Auto,Pale White,22
VolkswagenCabrio2015SedanOverheadCamshaftManualRed25,Volkswagen,Cabrio,2015,Sedan,Overhead Camshaft,Manual,Red,25
JaguarS-Type2015PassengerOverheadCamshaftManualRed21,Jaguar,S-Type,2015,Passenger,Overhead Camshaft,Manual,Red,21
MercuryCougar2015HatchbackOverheadCamshaftManualPaleWhite28,Mercury,Cougar,2015,Hatchback,Overhead Camshaft,Manual,Pale White,28
PontiacGrandPrix2016PassengerDoubleÂ OverheadCamshaftAutoRed69,Pontiac,Grand Prix,2016,Passenger,DoubleÂ Overhead Camshaft,Auto,Red,69
OldsmobileIntrigue2016SUVDoubleÂ OverheadCamshaftAutoRed39,Oldsmobile,Intrigue,2016,SUV,DoubleÂ Overhead Camshaft,Auto,Red,39
HondaCR-V2015SUVDoubleÂ OverheadCamshaftAutoBlack31,Honda,CR-V,2015,SUV,DoubleÂ Overhead Camshaft,Auto,Black,31
ChryslerLHS2015HatchbackDoubleÂ OverheadCamshaftAutoBlack17,Chrysler,LHS,2015,Hatchback,DoubleÂ Overhead Camshaft,Auto,Black,17
ChevroletMetro2016PassengerDoubleÂ OverheadCamshaftAutoBlack31,Chevrolet,Metro,2016,Passenger,DoubleÂ Overhead Camshaft,Auto,Black,31
LincolnTowncar2016HatchbackDoubleÂ OverheadCamshaftAutoPaleWhite18,Lincoln,Town car,2016,Hatchback,DoubleÂ Overhead Camshaft,Auto,Pale White,18
ChevroletImpala2016HatchbackOverheadCamshaftManualRed22,Chevrolet,Impala,2016,Hatchback,Overhead Camshaft,Manual,Red,22
Saab440772016SedanDoubleÂ OverheadCamshaftAutoRed69,Saab,3-Sep,2016,Sedan,DoubleÂ Overhead Camshaft,Auto,Red,69
VolvoS402016SedanDoubleÂ OverheadCamshaftAutoBlack17,Volvo,S40,2016,Sedan,DoubleÂ Overhead Camshaft,Auto,Black,17
JeepWrangler2015HatchbackDoubleÂ OverheadCamshaftAutoRed13,Jeep,Wrangler,2015,Hatchback,DoubleÂ Overhead Camshaft,Auto,Red,13
VolvoS702015HardtopDoubleÂ OverheadCamshaftAutoPaleWhite32,Volvo,S70,2015,Hardtop,DoubleÂ Overhead Camshaft,Auto,Pale White,32
SaturnSL2016SUVDoubleÂ OverheadCamshaftAutoBlack11,Saturn,SL,2016,SUV,DoubleÂ Overhead Camshaft,Auto,Black,11
PontiacGrandAm2015SUVDoubleÂ OverheadCamshaftAutoRed31,Pontiac,Grand Am,2015,SUV,DoubleÂ Overhead Camshaft,Auto,Red,31
Mercedes-BS-Class2016SUVOverheadCamshaftManualBlack18,Mercedes-B,S-Class,2016,SUV,Overhead Camshaft,Manual,Black,18
VolkswagenGolf2015HardtopOverheadCamshaftManualPaleWhite17,Volkswagen,Golf,2015,Hardtop,Overhead Camshaft,Manual,Pale White,17
BMW528i2016SUVOverheadCamshaftManualPaleWhite16,BMW,528i,2016,SUV,Overhead Camshaft,Manual,Pale White,16
VolkswagenGolf2015HardtopDoubleÂ OverheadCamshaftAutoPaleWhite18,Volkswagen,Golf,2015,Hardtop,DoubleÂ Overhead Camshaft,Auto,Pale White,18
VolkswagenBeetle2016HardtopOverheadCamshaftManualRed21,Volkswagen,Beetle,2016,Hardtop,Overhead Camshaft,Manual,Red,21
ChevroletPrizm2016HardtopDoubleÂ OverheadCamshaftAutoBlack33,Chevrolet,Prizm,2016,Hardtop,DoubleÂ Overhead Camshaft,Auto,Black,33
FordContour2016SedanDoubleÂ OverheadCamshaftAutoRed19,Ford,Contour,2016,Sedan,DoubleÂ Overhead Camshaft,Auto,Red,19
PlymouthVoyager2015PassengerOverheadCamshaftManualRed12,Plymouth,Voyager,2015,Passenger,Overhead Camshaft,Manual,Red,12
VolvoS702015HardtopOverheadCamshaftManualRed21,Volvo,S70,2015,Hardtop,Overhead Camshaft,Manual,Red,21
VolkswagenJetta2015PassengerOverheadCamshaftManualRed24,Volkswagen,Jetta,2015,Passenger,Overhead Camshaft,Manual,Red,24
HyundaiAccent2015HatchbackOverheadCamshaftManualBlack18,Hyundai,Accent,2015,Hatchback,Overhead Camshaft,Manual,Black,18
OldsmobileCutlass2016SedanDoubleÂ OverheadCamshaftAutoRed41,Oldsmobile,Cutlass,2016,Sedan,DoubleÂ Overhead Camshaft,Auto,Red,41
ToyotaCorolla2016PassengerOverheadCamshaftManualPaleWhite22,Toyota,Corolla,2016,Passenger,Overhead Camshaft,Manual,Pale White,22
ChryslerConcorde2016HardtopOverheadCamshaftManualBlack18,Chrysler,Concorde,2016,Hardtop,Overhead Camshaft,Manual,Black,18
VolvoS402015SedanOverheadCamshaftManualRed22,Volvo,S40,2015,Sedan,Overhead Camshaft,Manual,Red,22
DodgeDurango2016SUVOverheadCamshaftManualRed31,Dodge,Durango,2016,SUV,Overhead Camshaft,Manual,Red,31
FordExplorer2016HatchbackDoubleÂ OverheadCamshaftAutoPaleWhite18,Ford,Explorer,2016,Hatchback,DoubleÂ Overhead Camshaft,Auto,Pale White,18
FordEscort2016PassengerOverheadCamshaftManualBlack11,Ford,Escort,2016,Passenger,Overhead Camshaft,Manual,Black,11
NissanPathfinder2016HardtopOverheadCamshaftManualRed11,Nissan,Pathfinder,2016,Hardtop,Overhead Camshaft,Manual,Red,11
BMW328i2015SedanDoubleÂ OverheadCamshaftAutoBlack18,BMW,328i,2015,Sedan,DoubleÂ Overhead Camshaft,Auto,Black,18
DodgeViper2015SUVDoubleÂ OverheadCamshaftAutoRed31,Dodge,Viper,2015,SUV,DoubleÂ Overhead Camshaft,Auto,Red,31
VolvoS402015SedanOverheadCamshaftManualBlack36,Volvo,S40,2015,Sedan,Overhead Camshaft,Manual,Black,36
CadillacSeville2015HardtopOverheadCamshaftManualPaleWhite22,Cadillac,Seville,2015,Hardtop,Overhead Camshaft,Manual,Pale White,22
LincolnTowncar2016HatchbackOverheadCamshaftManualPaleWhite33,Lincoln,Town car,2016,Hatchback,Overhead Camshaft,Manual,Pale White,33
MercuryMystique2015PassengerDoubleÂ OverheadCamshaftAutoBlack9,Mercury,Mystique,2015,Passenger,DoubleÂ Overhead Camshaft,Auto,Black,9
LexusLS4002016SedanDoubleÂ OverheadCamshaftAutoBlack22,Lexus,LS400,2016,Sedan,DoubleÂ Overhead Camshaft,Auto,Black,22
PontiacGrandAm2015SUVDoubleÂ OverheadCamshaftAutoPaleWhite26,Pontiac,Grand Am,2015,SUV,DoubleÂ Overhead Camshaft,Auto,Pale White,26
LexusLS4002016SedanOverheadCamshaftManualRed13,Lexus,LS400,2016,Sedan,Overhead Camshaft,Manual,Red,13
ChevroletLumina2015PassengerOverheadCamshaftManualBlack10,Chevrolet,Lumina,2015,Passenger,Overhead Camshaft,Manual,Black,10
MitsubishiDiamante2016HatchbackDoubleÂ OverheadCamshaftAutoBlack17,Mitsubishi,Diamante,2016,Hatchback,DoubleÂ Overhead Camshaft,Auto,Black,17
OldsmobileIntrigue2016SUVDoubleÂ OverheadCamshaftAutoBlack18,Oldsmobile,Intrigue,2016,SUV,DoubleÂ Overhead Camshaft,Auto,Black,18
Mercedes-BC-Class2016HatchbackOverheadCamshaftManualPaleWhite17,Mercedes-B,C-Class,2016,Hatchback,Overhead Camshaft,Manual,Pale White,17
HondaPassport2015HardtopOverheadCamshaftManualPaleWhite13,Honda,Passport,2015,Hardtop,Overhead Camshaft,Manual,Pale White,13
ChevroletMalibu2016HardtopOverheadCamshaftManualRed24,Chevrolet,Malibu,2016,Hardtop,Overhead Camshaft,Manual,Red,24
MitsubishiEclipse2016HardtopDoubleÂ OverheadCamshaftAutoBlack27,Mitsubishi,Eclipse,2016,Hardtop,DoubleÂ Overhead Camshaft,Auto,Black,27
SubaruForester2016HardtopOverheadCamshaftManualRed26,Subaru,Forester,2016,Hardtop,Overhead Camshaft,Manual,Red,26
PontiacGrandPrix2016PassengerDoubleÂ OverheadCamshaftAutoPaleWhite42,Pontiac,Grand Prix,2016,Passenger,DoubleÂ Overhead Camshaft,Auto,Pale White,42
PlymouthNeon2015SUVOverheadCamshaftManualBlack29,Plymouth,Neon,2015,SUV,Overhead Camshaft,Manual,Black,29
MitsubishiEclipse2016HardtopOverheadCamshaftManualPaleWhite12,Mitsubishi,Eclipse,2016,Hardtop,Overhead Camshaft,Manual,Pale White,12
ChevroletMalibu2015HardtopDoubleÂ OverheadCamshaftAutoRed21,Chevrolet,Malibu,2015,Hardtop,DoubleÂ Overhead Camshaft,Auto,Red,21
Saab440772016SedanDoubleÂ OverheadCamshaftAutoBlack18,Saab,3-Sep,2016,Sedan,DoubleÂ Overhead Camshaft,Auto,Black,18
ChevroletMonteCarlo2015HatchbackOverheadCamshaftManualPaleWhite26,Chevrolet,Monte Carlo,2015,Hatchback,Overhead Camshaft,Manual,Pale White,26
Mercedes-BSLK2016PassengerDoubleÂ OverheadCamshaftAutoPaleWhite36,Mercedes-B,SLK,2016,Passenger,DoubleÂ Overhead Camshaft,Auto,Pale White,36
VolkswagenJetta2015PassengerDoubleÂ OverheadCamshaftAutoRed69,Volkswagen,Jetta,2015,Passenger,DoubleÂ Overhead Camshaft,Auto,Red,69
SaturnSC2016HardtopDoubleÂ OverheadCamshaftAutoRed12,Saturn,SC,2016,Hardtop,DoubleÂ Overhead Camshaft,Auto,Red,12
AudiA62016SUVDoubleÂ OverheadCamshaftAutoBlack27,Audi,A6,2016,SUV,DoubleÂ Overhead Camshaft,Auto,Black,27
LincolnTowncar2016HatchbackDoubleÂ OverheadCamshaftAutoBlack26,Lincoln,Town car,2016,Hatchback,DoubleÂ Overhead Camshaft,Auto,Black,26
SaturnLS2016SedanDoubleÂ OverheadCamshaftAutoRed24,Saturn,LS,2016,Sedan,DoubleÂ Overhead Camshaft,Auto,Red,24
MercuryVillager2016PassengerDoubleÂ OverheadCamshaftAutoBlack16,Mercury,Villager,2016,Passenger,DoubleÂ Overhead Camshaft,Auto,Black,16
DodgeIntrepid2015SedanDoubleÂ OverheadCamshaftAutoRed31,Dodge,Intrepid,2015,Sedan,DoubleÂ Overhead Camshaft,Auto,Red,31
Mercedes-BSLK2302016HatchbackOverheadCamshaftManualRed71,Mercedes-B,SLK230,2016,Hatchback,Overhead Camshaft,Manual,Red,71
ChevroletPrizm2016HardtopDoubleÂ OverheadCamshaftAutoPaleWhite42,Chevrolet,Prizm,2016,Hardtop,DoubleÂ Overhead Camshaft,Auto,Pale White,42
HondaOdyssey2015PassengerOverheadCamshaftManualPaleWhite54,Honda,Odyssey,2015,Passenger,Overhead Camshaft,Manual,Pale White,54
FordF-Series2015PassengerOverheadCamshaftManualPaleWhite14,Ford,F-Series,2015,Passenger,Overhead Camshaft,Manual,Pale White,14
ChryslerConcorde2016HardtopOverheadCamshaftManualPaleWhite28,Chrysler,Concorde,2016,Hardtop,Overhead Camshaft,Manual,Pale White,28
OldsmobileAurora2016PassengerOverheadCamshaftManualRed71,Oldsmobile,Aurora,2016,Passenger,Overhead Camshaft,Manual,Red,71
BuickCentury2016HardtopDoubleÂ OverheadCamshaftAutoPaleWhite17,Buick,Century,2016,Hardtop,DoubleÂ Overhead Camshaft,Auto,Pale White,17
ChevroletPrizm2015HardtopOverheadCamshaftManualRed22,Chevrolet,Prizm,2015,Hardtop,Overhead Camshaft,Manual,Red,22
ToyotaLandCruiser2015SUVDoubleÂ OverheadCamshaftAutoRed33,Toyota,Land Cruiser,2015,SUV,DoubleÂ Overhead Camshaft,Auto,Red,33
DodgeDakota2016SedanOverheadCamshaftManualRed12,Dodge,Dakota,2016,Sedan,Overhead Camshaft,Manual,Red,12
MercuryVillager2016PassengerDoubleÂ OverheadCamshaftAutoPaleWhite36,Mercury,Villager,2016,Passenger,DoubleÂ Overhead Camshaft,Auto,Pale White,36
CadillacEldorado2016PassengerDoubleÂ OverheadCamshaftAutoPaleWhite17,Cadillac,Eldorado,2016,Passenger,DoubleÂ Overhead Camshaft,Auto,Pale White,17
ChevroletCorvette2015SUVDoubleÂ OverheadCamshaftAutoPaleWhite46,Chevrolet,Corvette,2015,SUV,DoubleÂ Overhead Camshaft,Auto,Pale White,46
ToyotaTacoma2016HardtopOverheadCamshaftManualRed82,Toyota,Tacoma,2016,Hardtop,Overhead Camshaft,Manual,Red,82
BuickParkAvenue2015HatchbackOverheadCamshaftManualPaleWhite23,Buick,Park Avenue,2015,Hatchback,Overhead Camshaft,Manual,Pale White,23
ToyotaCorolla2016PassengerDoubleÂ OverheadCamshaftAutoRed41,Toyota,Corolla,2016,Passenger,DoubleÂ Overhead Camshaft,Auto,Red,41
JeepGrandCherokee2016SUVOverheadCamshaftManualBlack19,Jeep,Grand Cherokee,2016,SUV,Overhead Camshaft,Manual,Black,19
FordF-Series2015PassengerOverheadCamshaftManualBlack22,Ford,F-Series,2015,Passenger,Overhead Camshaft,Manual,Black,22
ChevroletMonteCarlo2015HatchbackOverheadCamshaftManualBlack44,Chevrolet,Monte Carlo,2015,Hatchback,Overhead Camshaft,Manual,Black,44
PorscheCarreraCoupe2016HardtopOverheadCamshaftManualPaleWhite26,Porsche,Carrera Coupe,2016,Hardtop,Overhead Camshaft,Manual,Pale White,26
DodgeRamPickup2016HardtopDoubleÂ OverheadCamshaftAutoRed57,Dodge,Ram Pickup,2016,Hardtop,DoubleÂ Overhead Camshaft,Auto,Red,57
Mercedes-BC-Class2016HatchbackDoubleÂ OverheadCamshaftAutoRed15,Mercedes-B,C-Class,2016,Hatchback,DoubleÂ Overhead Camshaft,Auto,Red,15
ChevroletPrizm2015HardtopOverheadCamshaftManualPaleWhite22,Chevrolet,Prizm,2015,Hardtop,Overhead Camshaft,Manual,Pale White,22
MitsubishiDiamante2016HatchbackOverheadCamshaftManualRed25,Mitsubishi,Diamante,2016,Hatchback,Overhead Camshaft,Manual,Red,25
ChryslerTown&Country2015SedanOverheadCamshaftManualPaleWhite17,Chrysler,Town & Country,2015,Sedan,Overhead Camshaft,Manual,Pale White,17
LexusES3002016HardtopOverheadCamshaftManualBlack34,Lexus,ES300,2016,Hardtop,Overhead Camshaft,Manual,Black,34
ChevroletPrizm2016HardtopDoubleÂ OverheadCamshaftAutoRed25,Chevrolet,Prizm,2016,Hardtop,DoubleÂ Overhead Camshaft,Auto,Red,25
PorscheCarreraCabrio2016PassengerDoubleÂ OverheadCamshaftAutoPaleWhite20,Porsche,Carrera Cabrio,2016,Passenger,DoubleÂ Overhead Camshaft,Auto,Pale White,20
LexusGS4002016HatchbackDoubleÂ OverheadCamshaftAutoPaleWhite25,Lexus,GS400,2016,Hatchback,DoubleÂ Overhead Camshaft,Auto,Pale White,25
HondaCR-V2015SUVDoubleÂ OverheadCamshaftAutoRed39,Honda,CR-V,2015,SUV,DoubleÂ Overhead Camshaft,Auto,Red,39
LincolnContinental2016PassengerOverheadCamshaftManualPaleWhite20,Lincoln,Continental,2016,Passenger,Overhead Camshaft,Manual,Pale White,20
PlymouthProwler2015HatchbackDoubleÂ OverheadCamshaftAutoPaleWhite27,Plymouth,Prowler,2015,Hatchback,DoubleÂ Overhead Camshaft,Auto,Pale White,27
ToyotaRAV42016HatchbackDoubleÂ OverheadCamshaftAutoBlack28,Toyota,RAV4,2016,Hatchback,DoubleÂ Overhead Camshaft,Auto,Black,28
NissanFrontier2016HatchbackDoubleÂ OverheadCamshaftAutoPaleWhite26,Nissan,Frontier,2016,Hatchback,DoubleÂ Overhead Camshaft,Auto,Pale White,26
FordMustang2016HatchbackOverheadCamshaftManualBlack22,Ford,Mustang,2016,Hatchback,Overhead Camshaft,Manual,Black,22
AcuraTL2016HatchbackDoubleÂ OverheadCamshaftAutoBlack23,Acura,TL,2016,Hatchback,DoubleÂ Overhead Camshaft,Auto,Black,23
OldsmobileBravada2016HatchbackOverheadCamshaftManualBlack18,Oldsmobile,Bravada,2016,Hatchback,Overhead Camshaft,Manual,Black,18
NissanFrontier2016HatchbackOverheadCamshaftManualPaleWhite12,Nissan,Frontier,2016,Hatchback,Overhead Camshaft,Manual,Pale White,12
Mitsubishi3000GT2016SedanOverheadCamshaftManualBlack18,Mitsubishi,3000GT,2016,Sedan,Overhead Camshaft,Manual,Black,18
FordF-Series2015PassengerOverheadCamshaftManualBlack38,Ford,F-Series,2015,Passenger,Overhead Camshaft,Manual,Black,38
ChevroletMonteCarlo2015HatchbackDoubleÂ OverheadCamshaftAutoRed20,Chevrolet,Monte Carlo,2015,Hatchback,DoubleÂ Overhead Camshaft,Auto,Red,20
CadillacEldorado2016PassengerOverheadCamshaftManualPaleWhite13,Cadillac,Eldorado,2016,Passenger,Overhead Camshaft,Manual,Pale White,13
HondaPassport2015HardtopOverheadCamshaftManualBlack22,Honda,Passport,2015,Hardtop,Overhead Camshaft,Manual,Black,22
VolkswagenJetta2015PassengerDoubleÂ OverheadCamshaftAutoRed22,Volkswagen,Jetta,2015,Passenger,DoubleÂ Overhead Camshaft,Auto,Red,22
NissanXterra2016PassengerDoubleÂ OverheadCamshaftAutoBlack26,Nissan,Xterra,2016,Passenger,DoubleÂ Overhead Camshaft,Auto,Black,26
FordRanger2015HardtopDoubleÂ OverheadCamshaftAutoBlack61,Ford,Ranger,2015,Hardtop,DoubleÂ Overhead Camshaft,Auto,Black,61
NissanQuest2016SUVDoubleÂ OverheadCamshaftAutoPaleWhite32,Nissan,Quest,2016,SUV,DoubleÂ Overhead Camshaft,Auto,Pale White,32
ChevroletCorvette2015SUVDoubleÂ OverheadCamshaftAutoRed35,Chevrolet,Corvette,2015,SUV,DoubleÂ Overhead Camshaft,Auto,Red,35
ChevroletImpala2016HatchbackDoubleÂ OverheadCamshaftAutoBlack21,Chevrolet,Impala,2016,Hatchback,DoubleÂ Overhead Camshaft,Auto,Black,21
VolvoS402015SedanDoubleÂ OverheadCamshaftAutoBlack26,Volvo,S40,2015,Sedan,DoubleÂ Overhead Camshaft,Auto,Black,26
ToyotaCamry2016HatchbackOverheadCamshaftManualBlack34,Toyota,Camry,2016,Hatchback,Overhead Camshaft,Manual,Black,34
VolkswagenJetta2015PassengerOverheadCamshaftManualPaleWhite45,Volkswagen,Jetta,2015,Passenger,Overhead Camshaft,Manual,Pale White,45
DodgeRamPickup2015HardtopOverheadCamshaftManualRed25,Dodge,Ram Pickup,2015,Hardtop,Overhead Camshaft,Manual,Red,25
ToyotaSienna2016PassengerOverheadCamshaftManualBlack16,Toyota,Sienna,2016,Passenger,Overhead Camshaft,Manual,Black,16
DodgeViper2015SUVDoubleÂ OverheadCamshaftAutoPaleWhite25,Dodge,Viper,2015,SUV,DoubleÂ Overhead Camshaft,Auto,Pale White,25
Mercedes-BSLK2302016HatchbackDoubleÂ OverheadCamshaftAutoBlack33,Mercedes-B,SLK230,2016,Hatchback,DoubleÂ Overhead Camshaft,Auto,Black,33
JeepGrandCherokee2016SUVDoubleÂ OverheadCamshaftAutoPaleWhite36,Jeep,Grand Cherokee,2016,SUV,DoubleÂ Overhead Camshaft,Auto,Pale White,36
ChevroletPrizm2015HardtopOverheadCamshaftManualBlack44,Chevrolet,Prizm,2015,Hardtop,Overhead Camshaft,Manual,Black,44
VolkswagenGolf2015HardtopOverheadCamshaftManualRed25,Volkswagen,Golf,2015,Hardtop,Overhead Camshaft,Manual,Red,25
ChevroletPrizm2016HardtopOverheadCamshaftManualRed24,Chevrolet,Prizm,2016,Hardtop,Overhead Camshaft,Manual,Red,24
VolvoC702015HatchbackDoubleÂ OverheadCamshaftAutoBlack18,Volvo,C70,2015,Hatchback,DoubleÂ Overhead Camshaft,Auto,Black,18
AudiA62015SUVOverheadCamshaftManualBlack85,Audi,A6,2015,SUV,Overhead Camshaft,Manual,Black,85
PorscheCarreraCoupe2016HardtopDoubleÂ OverheadCamshaftAutoRed15,Porsche,Carrera Coupe,2016,Hardtop,DoubleÂ Overhead Camshaft,Auto,Red,15
DodgeCaravan2015HardtopOverheadCamshaftManualRed24,Dodge,Caravan,2015,Hardtop,Overhead Camshaft,Manual,Red,24
DodgeNeon2015HardtopOverheadCamshaftManualRed19,Dodge,Neon,2015,Hardtop,Overhead Camshaft,Manual,Red,19
JeepWrangler2015HatchbackOverheadCamshaftManualRed13,Jeep,Wrangler,2015,Hatchback,Overhead Camshaft,Manual,Red,13
AcuraTL2016HatchbackDoubleÂ OverheadCamshaftAutoRed16,Acura,TL,2016,Hatchback,DoubleÂ Overhead Camshaft,Auto,Red,16
BuickRegal2015PassengerDoubleÂ OverheadCamshaftAutoPaleWhite38,Buick,Regal,2015,Passenger,DoubleÂ Overhead Camshaft,Auto,Pale White,38
NissanQuest2016SUVOverheadCamshaftManualBlack38,Nissan,Quest,2016,SUV,Overhead Camshaft,Manual,Black,38
DodgeRamVan2016HatchbackDoubleÂ OverheadCamshaftAutoPaleWhite12,Dodge,Ram Van,2016,Hatchback,DoubleÂ Overhead Camshaft,Auto,Pale White,12
FordRanger2015HardtopOverheadCamshaftManualBlack25,Ford,Ranger,2015,Hardtop,Overhead Camshaft,Manual,Black,25
ToyotaAvalon2016SedanDoubleÂ OverheadCamshaftAutoPaleWhite18,Toyota,Avalon,2016,Sedan,DoubleÂ Overhead Camshaft,Auto,Pale White,18
DodgeDurango2015SUVOverheadCamshaftManualPaleWhite27,Dodge,Durango,2015,SUV,Overhead Camshaft,Manual,Pale White,27
ChryslerTown&Country2015SedanDoubleÂ OverheadCamshaftAutoPaleWhite42,Chrysler,Town & Country,2015,Sedan,DoubleÂ Overhead Camshaft,Auto,Pale White,42
NissanXterra2016PassengerOverheadCamshaftManualRed31,Nissan,Xterra,2016,Passenger,Overhead Camshaft,Manual,Red,31
PlymouthProwler2015HatchbackDoubleÂ OverheadCamshaftAutoRed39,Plymouth,Prowler,2015,Hatchback,DoubleÂ Overhead Camshaft,Auto,Red,39
FordEscort2016PassengerOverheadCamshaftManualBlack12,Ford,Escort,2016,Passenger,Overhead Camshaft,Manual,Black,12
VolkswagenJetta2015PassengerOverheadCamshaftManualPaleWhite27,Volkswagen,Jetta,2015,Passenger,Overhead Camshaft,Manual,Pale White,27
ChevroletMalibu2015HardtopOverheadCamshaftManualPaleWhite57,Chevrolet,Malibu,2015,Hardtop,Overhead Camshaft,Manual,Pale White,57
ToyotaSienna2016PassengerDoubleÂ OverheadCamshaftAutoPaleWhite26,Toyota,Sienna,2016,Passenger,DoubleÂ Overhead Camshaft,Auto,Pale White,26
ChevroletCavalier2016SUVOverheadCamshaftManualPaleWhite28,Chevrolet,Cavalier,2016,SUV,Overhead Camshaft,Manual,Pale White,28
Toyota4Runner2016SedanDoubleÂ OverheadCamshaftAutoBlack26,Toyota,4Runner,2016,Sedan,DoubleÂ Overhead Camshaft,Auto,Black,26
LincolnContinental2016PassengerOverheadCamshaftManualPaleWhite27,Lincoln,Continental,2016,Passenger,Overhead Camshaft,Manual,Pale White,27
DodgeStratus2015HatchbackOverheadCamshaftManualRed25,Dodge,Stratus,2015,Hatchback,Overhead Camshaft,Manual,Red,25
NissanQuest2016SUVOverheadCamshaftManualBlack12,Nissan,Quest,2016,SUV,Overhead Camshaft,Manual,Black,12
NissanXterra2016PassengerDoubleÂ OverheadCamshaftAutoBlack9,Nissan,Xterra,2016,Passenger,DoubleÂ Overhead Camshaft,Auto,Black,9
LexusRX3002016HardtopOverheadCamshaftManualBlack18,Lexus,RX300,2016,Hardtop,Overhead Camshaft,Manual,Black,18
Toyota4Runner2016SedanDoubleÂ OverheadCamshaftAutoRed35,Toyota,4Runner,2016,Sedan,DoubleÂ Overhead Camshaft,Auto,Red,35
OldsmobileSilhouette2016SedanDoubleÂ OverheadCamshaftAutoBlack22,Oldsmobile,Silhouette,2016,Sedan,DoubleÂ Overhead Camshaft,Auto,Black,22
DodgeRamVan2016HatchbackDoubleÂ OverheadCamshaftAutoRed19,Dodge,Ram Van,2016,Hatchback,DoubleÂ Overhead Camshaft,Auto,Red,19
FordMustang2016HatchbackDoubleÂ OverheadCamshaftAutoBlack9,Ford,Mustang,2016,Hatchback,DoubleÂ Overhead Camshaft,Auto,Black,9
Saab440772016SedanDoubleÂ OverheadCamshaftAutoBlack31,Saab,3-Sep,2016,Sedan,DoubleÂ Overhead Camshaft,Auto,Black,31
JeepWrangler2015HatchbackDoubleÂ OverheadCamshaftAutoBlack60,Jeep,Wrangler,2015,Hatchback,DoubleÂ Overhead Camshaft,Auto,Black,60
Mitsubishi3000GT2016SedanDoubleÂ OverheadCamshaftAutoPaleWhite12,Mitsubishi,3000GT,2016,Sedan,DoubleÂ Overhead Camshaft,Auto,Pale White,12
NissanPathfinder2016HardtopOverheadCamshaftManualBlack69,Nissan,Pathfinder,2016,Hardtop,Overhead Camshaft,Manual,Black,69
DodgeRamWagon2016PassengerOverheadCamshaftManualPaleWhite16,Dodge,Ram Wagon,2016,Passenger,Overhead Camshaft,Manual,Pale White,16
AudiA82015PassengerOverheadCamshaftManualRed13,Audi,A8,2015,Passenger,Overhead Camshaft,Manual,Red,13
CadillacSeville2015HardtopOverheadCamshaftManualPaleWhite17,Cadillac,Seville,2015,Hardtop,Overhead Camshaft,Manual,Pale White,17
PorscheCarreraCabrio2016PassengerDoubleÂ OverheadCamshaftAutoPaleWhite18,Porsche,Carrera Cabrio,2016,Passenger,DoubleÂ Overhead Camshaft,Auto,Pale White,18
LexusLS4002016SedanOverheadCamshaftManualRed25,Lexus,LS400,2016,Sedan,Overhead Camshaft,Manual,Red,25
OldsmobileSilhouette2016SedanOverheadCamshaftManualPaleWhite15,Oldsmobile,Silhouette,2016,Sedan,Overhead Camshaft,Manual,Pale White,15
DodgeRamVan2016HatchbackDoubleÂ OverheadCamshaftAutoPaleWhite18,Dodge,Ram Van,2016,Hatchback,DoubleÂ Overhead Camshaft,Auto,Pale White,18
OldsmobileIntrigue2016SUVDoubleÂ OverheadCamshaftAutoRed35,Oldsmobile,Intrigue,2016,SUV,DoubleÂ Overhead Camshaft,Auto,Red,35
BMW328i2015SedanDoubleÂ OverheadCamshaftAutoPaleWhite62,BMW,328i,2015,Sedan,DoubleÂ Overhead Camshaft,Auto,Pale White,62
DodgeRamVan2016HatchbackOverheadCamshaftManualRed24,Dodge,Ram Van,2016,Hatchback,Overhead Camshaft,Manual,Red,24
ToyotaLandCruiser2015SUVOverheadCamshaftManualPaleWhite27,Toyota,Land Cruiser,2015,SUV,Overhead Camshaft,Manual,Pale White,27
ChevroletMalibu2016HardtopOverheadCamshaftManualPaleWhite16,Chevrolet,Malibu,2016,Hardtop,Overhead Camshaft,Manual,Pale White,16
SaturnSL2016SUVDoubleÂ OverheadCamshaftAutoRed22,Saturn,SL,2016,SUV,DoubleÂ Overhead Camshaft,Auto,Red,22
FordCrownVictoria2016PassengerOverheadCamshaftManualBlack26,Ford,Crown Victoria,2016,Passenger,Overhead Camshaft,Manual,Black,26
Mercedes-BCL5002016SUVOverheadCamshaftManualPaleWhite22,Mercedes-B,CL500,2016,SUV,Overhead Camshaft,Manual,Pale White,22
ChevroletPrizm2015HardtopDoubleÂ OverheadCamshaftAutoBlack23,Chevrolet,Prizm,2015,Hardtop,DoubleÂ Overhead Camshaft,Auto,Black,23
LincolnNavigator2016SedanDoubleÂ OverheadCamshaftAutoPaleWhite27,Lincoln,Navigator,2016,Sedan,DoubleÂ Overhead Camshaft,Auto,Pale White,27
PontiacBonneville2016HatchbackOverheadCamshaftManualBlack11,Pontiac,Bonneville,2016,Hatchback,Overhead Camshaft,Manual,Black,11
DodgeRamPickup2016HardtopOverheadCamshaftManualBlack34,Dodge,Ram Pickup,2016,Hardtop,Overhead Camshaft,Manual,Black,34
LincolnContinental2016PassengerOverheadCamshaftManualBlack49,Lincoln,Continental,2016,Passenger,Overhead Camshaft,Manual,Black,49
ChryslerCirrus2016PassengerOverheadCamshaftManualRed24,Chrysler,Cirrus,2016,Passenger,Overhead Camshaft,Manual,Red,24
Saab440792016HatchbackDoubleÂ OverheadCamshaftAutoBlack41,Saab,5-Sep,2016,Hatchback,DoubleÂ Overhead Camshaft,Auto,Black,41
NissanSentra2016PassengerDoubleÂ OverheadCamshaftAutoRed25,Nissan,Sentra,2016,Passenger,DoubleÂ Overhead Camshaft,Auto,Red,25
OldsmobileBravada2016HatchbackOverheadCamshaftManualRed34,Oldsmobile,Bravada,2016,Hatchback,Overhead Camshaft,Manual,Red,34